--
-- Skript mit Inserts für eine reduzierten Formel 1 Datenbank
-- Daten der Saison 2013 und 2014
-- Susanne Busse, Maerz 2019
--

SET @DISABLE_TRIGGERS=1;


/*==============================================================*/
/* Table: Land                                                  */
/*==============================================================*/

INSERT INTO land (LandID,Name) VALUES (1,'Deutschland');
INSERT INTO land (LandID,Name) VALUES (2,'Frankreich');
INSERT INTO land (LandID,Name) VALUES (3,'Brasilien');
INSERT INTO land (LandID,Name) VALUES (4,'Finnland');
INSERT INTO land (LandID,Name) VALUES (5,'Spanien');
INSERT INTO land (LandID,Name) VALUES (6,'Grossbritannien');
INSERT INTO land (LandID,Name) VALUES (7,'Österreich');
INSERT INTO land (LandID,Name) VALUES (8,'Argentinien');
INSERT INTO land (LandID,Name) VALUES (9,'Kolumbien');
INSERT INTO land (LandID,Name) VALUES (10,'Italien');
INSERT INTO land (LandID,Name) VALUES (11,'Australien');
INSERT INTO land (LandID,Name) VALUES (12,'Südafrika');
INSERT INTO land (LandID,Name) VALUES (13,'Neuseeland');
INSERT INTO land (LandID,Name) VALUES (14,'Kanada');
INSERT INTO land (LandID,Name) VALUES (15,'Schweiz');
INSERT INTO land (LandID,Name) VALUES (16,'Schweden');
INSERT INTO land (LandID,Name) VALUES (17,'Belgien');
INSERT INTO land (LandID,Name) VALUES (18,'USA');
INSERT INTO land (LandID,Name) VALUES (19,'Polen');
INSERT INTO land (LandID,Name) VALUES (20,'Mexiko');
INSERT INTO land (LandID,Name) VALUES (21,'Japan');
INSERT INTO land (LandID,Name) VALUES (22,'Niederlande');
INSERT INTO land (LandID,Name) VALUES (23,'Irland');
INSERT INTO land (LandID,Name) VALUES (24,'Siam');
INSERT INTO land (LandID,Name) VALUES (25,'Portugal');
INSERT INTO land (LandID,Name) VALUES (26,'Rhodesien');
INSERT INTO land (LandID,Name) VALUES (27,'Luxemburg');
INSERT INTO land (LandID,Name) VALUES (28,'Indien');
INSERT INTO land (LandID,Name) VALUES (29,'Monaco');
INSERT INTO land (LandID,Name) VALUES (30,'Chile');
INSERT INTO land (LandID,Name) VALUES (31,'Ungarn');
INSERT INTO land (LandID,Name) VALUES (32,'Dänemark');
INSERT INTO land (LandID,Name) VALUES (33,'Venezuela');
INSERT INTO land (LandID,Name) VALUES (34,'Uruguay');
INSERT INTO land (LandID,Name) VALUES (35,'Tschechien');
INSERT INTO land (LandID,Name) VALUES (36,'Malaysia');
INSERT INTO land (LandID,Name) VALUES (37,'Liechtenstein');
INSERT INTO land (LandID,Name) VALUES (38,'Pescara');
INSERT INTO land (LandID,Name) VALUES (39,'Marokko');
INSERT INTO land (LandID,Name) VALUES (40,'Mexico');
INSERT INTO land (LandID,Name) VALUES (41,'Europa');
INSERT INTO land (LandID,Name) VALUES (42,'Pazifik');
INSERT INTO land (LandID,Name) VALUES (43,'Bahrain');
INSERT INTO land (LandID,Name) VALUES (44,'China');
INSERT INTO land (LandID,Name) VALUES (45,'Tuerkei');
INSERT INTO land (LandID,Name) VALUES (46,'Singapur');
INSERT INTO land (LandID,Name) VALUES (47,'VAE');
INSERT INTO land (LandID,Name) VALUES (48,'Südkorea');
INSERT INTO land (LandID,Name) VALUES (49,'Russland');

COMMIT WORK;


/*==============================================================*/
/* Table: Rennstrecke                                           */
/*==============================================================*/

INSERT INTO rennstrecke (StreckenID,Name,LandID) VALUES (1,'Silverstone',6);
INSERT INTO rennstrecke (StreckenID,Name,LandID) VALUES (2,'Monte Carlo',29);
INSERT INTO rennstrecke (StreckenID,Name,LandID) VALUES (3,'Indianapolis',18);
INSERT INTO rennstrecke (StreckenID,Name,LandID) VALUES (4,'Bremgarten',15);
INSERT INTO rennstrecke (StreckenID,Name,LandID) VALUES (5,'Spa-Francorchamps',17);
INSERT INTO rennstrecke (StreckenID,Name,LandID) VALUES (6,'Rheims',2);
INSERT INTO rennstrecke (StreckenID,Name,LandID) VALUES (7,'Monza',10);
INSERT INTO rennstrecke (StreckenID,Name,LandID) VALUES (8,'Nürburgring',1);
INSERT INTO rennstrecke (StreckenID,Name,LandID) VALUES (9,'Pedralbes',5);
INSERT INTO rennstrecke (StreckenID,Name,LandID) VALUES (10,'Rouen',2);
INSERT INTO rennstrecke (StreckenID,Name,LandID) VALUES (11,'Zandvoort',22);
INSERT INTO rennstrecke (StreckenID,Name,LandID) VALUES (12,'Buenos Aires',8);
INSERT INTO rennstrecke (StreckenID,Name,LandID) VALUES (13,'Aintree',6);
INSERT INTO rennstrecke (StreckenID,Name,LandID) VALUES (14,'Pescara',38);
INSERT INTO rennstrecke (StreckenID,Name,LandID) VALUES (15,'Oporto',25);
INSERT INTO rennstrecke (StreckenID,Name,LandID) VALUES (16,'Casablanca',39);
INSERT INTO rennstrecke (StreckenID,Name,LandID) VALUES (17,'Avus',1);
INSERT INTO rennstrecke (StreckenID,Name,LandID) VALUES (18,'Monsanto',25);
INSERT INTO rennstrecke (StreckenID,Name,LandID) VALUES (19,'Sebring',18);
INSERT INTO rennstrecke (StreckenID,Name,LandID) VALUES (20,'Riverside',18);
INSERT INTO rennstrecke (StreckenID,Name,LandID) VALUES (21,'Watkins Glen',18);
INSERT INTO rennstrecke (StreckenID,Name,LandID) VALUES (22,'East London',12);
INSERT INTO rennstrecke (StreckenID,Name,LandID) VALUES (23,'Mexico City',40);
INSERT INTO rennstrecke (StreckenID,Name,LandID) VALUES (24,'Brands Hatch',6);
INSERT INTO rennstrecke (StreckenID,Name,LandID) VALUES (25,'Spielberg',7);
INSERT INTO rennstrecke (StreckenID,Name,LandID) VALUES (26,'Clermont-Ferrand',2);
INSERT INTO rennstrecke (StreckenID,Name,LandID) VALUES (27,'Kyalami',12);
INSERT INTO rennstrecke (StreckenID,Name,LandID) VALUES (28,'Le Mans',2);
INSERT INTO rennstrecke (StreckenID,Name,LandID) VALUES (29,'Mosport',14);
INSERT INTO rennstrecke (StreckenID,Name,LandID) VALUES (30,'Jarama',5);
INSERT INTO rennstrecke (StreckenID,Name,LandID) VALUES (31,'St.Jovite',14);
INSERT INTO rennstrecke (StreckenID,Name,LandID) VALUES (32,'Montjuich',5);
INSERT INTO rennstrecke (StreckenID,Name,LandID) VALUES (33,'Hockenheim',1);
INSERT INTO rennstrecke (StreckenID,Name,LandID) VALUES (34,'Le Castellet',2);
INSERT INTO rennstrecke (StreckenID,Name,LandID) VALUES (35,'Nivelles',17);
INSERT INTO rennstrecke (StreckenID,Name,LandID) VALUES (36,'Interlagos',3);
INSERT INTO rennstrecke (StreckenID,Name,LandID) VALUES (37,'Zolder',17);
INSERT INTO rennstrecke (StreckenID,Name,LandID) VALUES (38,'Anderstorp',16);
INSERT INTO rennstrecke (StreckenID,Name,LandID) VALUES (39,'Dijon-Prenois',2);
INSERT INTO rennstrecke (StreckenID,Name,LandID) VALUES (40,'Long Beach',18);
INSERT INTO rennstrecke (StreckenID,Name,LandID) VALUES (41,'Fuji',21);
INSERT INTO rennstrecke (StreckenID,Name,LandID) VALUES (42,'Rio de Janeiro',3);
INSERT INTO rennstrecke (StreckenID,Name,LandID) VALUES (43,'Montreal',14);
INSERT INTO rennstrecke (StreckenID,Name,LandID) VALUES (44,'Imola',10);
INSERT INTO rennstrecke (StreckenID,Name,LandID) VALUES (45,'Las Vegas',18);
INSERT INTO rennstrecke (StreckenID,Name,LandID) VALUES (46,'Detroit',18);
INSERT INTO rennstrecke (StreckenID,Name,LandID) VALUES (47,'Dallas',18);
INSERT INTO rennstrecke (StreckenID,Name,LandID) VALUES (48,'Estoril',25);
INSERT INTO rennstrecke (StreckenID,Name,LandID) VALUES (49,'Adelaide',11);
INSERT INTO rennstrecke (StreckenID,Name,LandID) VALUES (50,'Jerez',5);
INSERT INTO rennstrecke (StreckenID,Name,LandID) VALUES (51,'Hungaroring',31);
INSERT INTO rennstrecke (StreckenID,Name,LandID) VALUES (52,'Suzuka',21);
INSERT INTO rennstrecke (StreckenID,Name,LandID) VALUES (53,'Phoenix',18);
INSERT INTO rennstrecke (StreckenID,Name,LandID) VALUES (54,'Magny-Cours',2);
INSERT INTO rennstrecke (StreckenID,Name,LandID) VALUES (55,'Barcelona',5);
INSERT INTO rennstrecke (StreckenID,Name,LandID) VALUES (56,'Donington',41);
INSERT INTO rennstrecke (StreckenID,Name,LandID) VALUES (57,'Aida',42);
INSERT INTO rennstrecke (StreckenID,Name,LandID) VALUES (58,'Melbourne',11);
INSERT INTO rennstrecke (StreckenID,Name,LandID) VALUES (59,'Sepang',36);
INSERT INTO rennstrecke (StreckenID,Name,LandID) VALUES (60,'Manama-Shakir',43);
INSERT INTO rennstrecke (StreckenID,Name,LandID) VALUES (61,'Shanghai',44);
INSERT INTO rennstrecke (StreckenID,Name,LandID) VALUES (62,'Istanbul',45);
INSERT INTO rennstrecke (StreckenID,Name,LandID) VALUES (63,'Valencia',41);
INSERT INTO rennstrecke (StreckenID,Name,LandID) VALUES (64,'Singapur',46);
INSERT INTO rennstrecke (StreckenID,Name,LandID) VALUES (65,'Yas Marina Circuit',47);
INSERT INTO rennstrecke (StreckenID,Name,LandID) VALUES (66,'Yeongam',48);
INSERT INTO rennstrecke (StreckenID,Name,LandID) VALUES (67,'Greater Noida',28);
INSERT INTO rennstrecke (StreckenID,Name,LandID) VALUES (68,'Austin',18);
INSERT INTO rennstrecke (StreckenID,Name,LandID) VALUES (69,'Sotschi',49);

COMMIT WORK;

/*==============================================================*/
/* Table: Saison                                                */
/*==============================================================*/
INSERT INTO saison (Jahr) VALUES (2013);
INSERT INTO saison (Jahr) VALUES (2014);

COMMIT WORK;

/*==============================================================*/
/* Table: Rennstall                                             */
/*==============================================================*/
INSERT INTO rennstall (RennstallID,Name,Punkte,Jahr) VALUES (810,'Red Bull',0,2013);
INSERT INTO rennstall (RennstallID,Name,Punkte,Jahr) VALUES (811,'McLaren',0,2013);
INSERT INTO rennstall (RennstallID,Name,Punkte,Jahr) VALUES (812,'Ferrari',0,2013);
INSERT INTO rennstall (RennstallID,Name,Punkte,Jahr) VALUES (813,'Mercedes',0,2013);
INSERT INTO rennstall (RennstallID,Name,Punkte,Jahr) VALUES (814,'Lotus',0,2013);
INSERT INTO rennstall (RennstallID,Name,Punkte,Jahr) VALUES (815,'Williams',0,2013);
INSERT INTO rennstall (RennstallID,Name,Punkte,Jahr) VALUES (816,'Toro Rosso',0,2013);
INSERT INTO rennstall (RennstallID,Name,Punkte,Jahr) VALUES (817,'Force India',0,2013);
INSERT INTO rennstall (RennstallID,Name,Punkte,Jahr) VALUES (818,'Sauber',0,2013);
INSERT INTO rennstall (RennstallID,Name,Punkte,Jahr) VALUES (819,'Caterham',0,2013);
INSERT INTO rennstall (RennstallID,Name,Punkte,Jahr) VALUES (820,'Marussia',0,2013);
INSERT INTO rennstall (RennstallID,Name,Punkte,Jahr) VALUES (822,'Red Bull',0,2014);
INSERT INTO rennstall (RennstallID,Name,Punkte,Jahr) VALUES (823,'Ferrari',0,2014);
INSERT INTO rennstall (RennstallID,Name,Punkte,Jahr) VALUES (824,'McLaren',0,2014);
INSERT INTO rennstall (RennstallID,Name,Punkte,Jahr) VALUES (825,'Mercedes',0,2014);
INSERT INTO rennstall (RennstallID,Name,Punkte,Jahr) VALUES (826,'Lotus',0,2014);
INSERT INTO rennstall (RennstallID,Name,Punkte,Jahr) VALUES (827,'Williams',0,2014);
INSERT INTO rennstall (RennstallID,Name,Punkte,Jahr) VALUES (828,'Toro Rosso',0,2014);
INSERT INTO rennstall (RennstallID,Name,Punkte,Jahr) VALUES (829,'Force India',0,2014);
INSERT INTO rennstall (RennstallID,Name,Punkte,Jahr) VALUES (830,'Sauber',0,2014);
INSERT INTO rennstall (RennstallID,Name,Punkte,Jahr) VALUES (831,'Caterham',0,2014);
INSERT INTO rennstall (RennstallID,Name,Punkte,Jahr) VALUES (832,'Marussia',0,2014);

COMMIT WORK;

/*==============================================================*/
/* Table: rennfahrer                                            */
/*==============================================================*/
INSERT INTO rennfahrer (RennfahrerID,Name,Vorname,Geburtstag,Nationalitaet,Siege,PolePositions,SchnellsteRunden,Punkte) VALUES (5,'Raikkonen','Kimi',str_to_date('1979-10-17','%Y-%m-%d'),4,1,0,3,238.00);
INSERT INTO rennfahrer (RennfahrerID,Name,Vorname,Geburtstag,Nationalitaet,Siege,PolePositions,SchnellsteRunden,Punkte) VALUES (6,'Alonso','Fernando',str_to_date('1981-07-29','%Y-%m-%d'),5,2,0,2,403.00);
INSERT INTO rennfahrer (RennfahrerID,Name,Vorname,Geburtstag,Nationalitaet,Siege,PolePositions,SchnellsteRunden,Punkte) VALUES (16,'Button','Jenson',str_to_date('1980-01-19','%Y-%m-%d'),6,0,0,0,199.00);
INSERT INTO rennfahrer (RennfahrerID,Name,Vorname,Geburtstag,Nationalitaet,Siege,PolePositions,SchnellsteRunden,Punkte) VALUES (17,'Massa','Felipe',str_to_date('1981-04-25','%Y-%m-%d'),3,0,1,1,246.00);
INSERT INTO rennfahrer (RennfahrerID,Name,Vorname,Geburtstag,Nationalitaet,Siege,PolePositions,SchnellsteRunden,Punkte) VALUES (27,'Hamilton','Lewis',str_to_date('1985-01-07','%Y-%m-%d'),6,12,12,8,573.00);
INSERT INTO rennfahrer (RennfahrerID,Name,Vorname,Geburtstag,Nationalitaet,Siege,PolePositions,SchnellsteRunden,Punkte) VALUES (48,'Webber','Mark',str_to_date('1976-08-27','%Y-%m-%d'),11,0,2,5,199.00);
INSERT INTO rennfahrer (RennfahrerID,Name,Vorname,Geburtstag,Nationalitaet,Siege,PolePositions,SchnellsteRunden,Punkte) VALUES (58,'Vettel','Sebastian',str_to_date('1987-07-03','%Y-%m-%d'),1,13,9,9,564.00);
INSERT INTO rennfahrer (RennfahrerID,Name,Vorname,Geburtstag,Nationalitaet,Siege,PolePositions,SchnellsteRunden,Punkte) VALUES (63,'Kovalainen','Heikki',str_to_date('1981-10-19','%Y-%m-%d'),4,0,0,0,0.00);
INSERT INTO rennfahrer (RennfahrerID,Name,Vorname,Geburtstag,Nationalitaet,Siege,PolePositions,SchnellsteRunden,Punkte) VALUES (75,'Rosberg','Nico',str_to_date('1985-06-27','%Y-%m-%d'),1,7,14,5,488.00);
INSERT INTO rennfahrer (RennfahrerID,Name,Vorname,Geburtstag,Nationalitaet,Siege,PolePositions,SchnellsteRunden,Punkte) VALUES (201,'Sutil','Adrian',str_to_date('1983-01-11','%Y-%m-%d'),1,0,0,0,29.00);
INSERT INTO rennfahrer (RennfahrerID,Name,Vorname,Geburtstag,Nationalitaet,Siege,PolePositions,SchnellsteRunden,Punkte) VALUES (260,'Kobayashi','Kamui',str_to_date('1986-09-13','%Y-%m-%d'),21,0,0,0,0.00);
INSERT INTO rennfahrer (RennfahrerID,Name,Vorname,Geburtstag,Nationalitaet,Siege,PolePositions,SchnellsteRunden,Punkte) VALUES (585,'Grosjean','Romain',str_to_date('1986-04-17','%Y-%m-%d'),2,0,0,0,140.00);
INSERT INTO rennfahrer (RennfahrerID,Name,Vorname,Geburtstag,Nationalitaet,Siege,PolePositions,SchnellsteRunden,Punkte) VALUES (586,'Ricciardo','Daniel',str_to_date('1989-07-01','%Y-%m-%d'),11,3,0,1,258.00);
INSERT INTO rennfahrer (RennfahrerID,Name,Vorname,Geburtstag,Nationalitaet,Siege,PolePositions,SchnellsteRunden,Punkte) VALUES (587,'Huelkenberg','Nico',str_to_date('1987-08-19','%Y-%m-%d'),1,0,0,0,147.00);
INSERT INTO rennfahrer (RennfahrerID,Name,Vorname,Geburtstag,Nationalitaet,Siege,PolePositions,SchnellsteRunden,Punkte) VALUES (593,'Maldonado','Pastor',str_to_date('1985-03-10','%Y-%m-%d'),33,0,0,0,3.00);
INSERT INTO rennfahrer (RennfahrerID,Name,Vorname,Geburtstag,Nationalitaet,Siege,PolePositions,SchnellsteRunden,Punkte) VALUES (594,'di Resta','Paul',str_to_date('1986-04-16','%Y-%m-%d'),6,0,0,0,48.00);
INSERT INTO rennfahrer (RennfahrerID,Name,Vorname,Geburtstag,Nationalitaet,Siege,PolePositions,SchnellsteRunden,Punkte) VALUES (597,'Vergne','Jean-Éric',str_to_date('1990-04-25','%Y-%m-%d'),2,0,0,0,35.00);
INSERT INTO rennfahrer (RennfahrerID,Name,Vorname,Geburtstag,Nationalitaet,Siege,PolePositions,SchnellsteRunden,Punkte) VALUES (598,'Perez','Sergio',str_to_date('1990-01-26','%Y-%m-%d'),40,0,0,2,108.00);
INSERT INTO rennfahrer (RennfahrerID,Name,Vorname,Geburtstag,Nationalitaet,Siege,PolePositions,SchnellsteRunden,Punkte) VALUES (599,'Pic','Charles',str_to_date('1990-02-15','%Y-%m-%d'),2,0,0,0,0.00);
INSERT INTO rennfahrer (RennfahrerID,Name,Vorname,Geburtstag,Nationalitaet,Siege,PolePositions,SchnellsteRunden,Punkte) VALUES (600,'Gutierrez','Esteban',str_to_date('1991-08-05','%Y-%m-%d'),40,0,0,1,6.00);
INSERT INTO rennfahrer (RennfahrerID,Name,Vorname,Geburtstag,Nationalitaet,Siege,PolePositions,SchnellsteRunden,Punkte) VALUES (601,'Bottas','Valtteri',str_to_date('1989-08-28','%Y-%m-%d'),4,0,0,1,190.00);
INSERT INTO rennfahrer (RennfahrerID,Name,Vorname,Geburtstag,Nationalitaet,Siege,PolePositions,SchnellsteRunden,Punkte) VALUES (602,'van der Garde','Giedo',str_to_date('1985-04-25','%Y-%m-%d'),22,0,0,0,0.00);
INSERT INTO rennfahrer (RennfahrerID,Name,Vorname,Geburtstag,Nationalitaet,Siege,PolePositions,SchnellsteRunden,Punkte) VALUES (603,'Bianchi','Jules',str_to_date('1989-08-03','%Y-%m-%d'),2,0,0,0,2.00);
INSERT INTO rennfahrer (RennfahrerID,Name,Vorname,Geburtstag,Nationalitaet,Siege,PolePositions,SchnellsteRunden,Punkte) VALUES (604,'Chilton','Max',str_to_date('1991-04-21','%Y-%m-%d'),6,0,0,0,0.00);
INSERT INTO rennfahrer (RennfahrerID,Name,Vorname,Geburtstag,Nationalitaet,Siege,PolePositions,SchnellsteRunden,Punkte) VALUES (605,'Magnussen','Kevin',str_to_date('1992-10-05','%Y-%m-%d'),32,0,0,0,55.00);
INSERT INTO rennfahrer (RennfahrerID,Name,Vorname,Geburtstag,Nationalitaet,Siege,PolePositions,SchnellsteRunden,Punkte) VALUES (606,'Kwjat','Daniil',str_to_date('1994-04-26','%Y-%m-%d'),49,0,0,0,8.00);
INSERT INTO rennfahrer (RennfahrerID,Name,Vorname,Geburtstag,Nationalitaet,Siege,PolePositions,SchnellsteRunden,Punkte) VALUES (607,'Ericsson','Marcus',str_to_date('1990-09-02','%Y-%m-%d'),16,0,0,0,0.00);
INSERT INTO rennfahrer (RennfahrerID,Name,Vorname,Geburtstag,Nationalitaet,Siege,PolePositions,SchnellsteRunden,Punkte) VALUES (608,'Lotterer','Andre',str_to_date('1981-11-19','%Y-%m-%d'),1,0,0,0,0.00);
INSERT INTO rennfahrer (RennfahrerID,Name,Vorname,Geburtstag,Nationalitaet,Siege,PolePositions,SchnellsteRunden,Punkte) VALUES (609,'Stevens','William',str_to_date('1991-06-28','%Y-%m-%d'),18,0,0,0,0.00);

COMMIT WORK;

/*==============================================================*/
/* Table: Rennen                                                */
/*==============================================================*/
INSERT INTO rennen (Datum,StreckenID,Jahr,PoleFahrerID,SchnellsteRundeID) VALUES (str_to_date('17.03.13','%d.%m.%y'),58,2013,58,5);
INSERT INTO rennen (Datum,StreckenID,Jahr,PoleFahrerID,SchnellsteRundeID) VALUES (str_to_date('24.03.13','%d.%m.%y'),59,2013,58,598);
INSERT INTO rennen (Datum,StreckenID,Jahr,PoleFahrerID,SchnellsteRundeID) VALUES (str_to_date('14.04.13','%d.%m.%y'),61,2013,27,58);
INSERT INTO rennen (Datum,StreckenID,Jahr,PoleFahrerID,SchnellsteRundeID) VALUES (str_to_date('21.04.13','%d.%m.%y'),60,2013,75,58);
INSERT INTO rennen (Datum,StreckenID,Jahr,PoleFahrerID,SchnellsteRundeID) VALUES (str_to_date('12.05.13','%d.%m.%y'),55,2013,75,600);
INSERT INTO rennen (Datum,StreckenID,Jahr,PoleFahrerID,SchnellsteRundeID) VALUES (str_to_date('26.05.13','%d.%m.%y'),2,2013,75,58);
INSERT INTO rennen (Datum,StreckenID,Jahr,PoleFahrerID,SchnellsteRundeID) VALUES (str_to_date('09.06.13','%d.%m.%y'),43,2013,58,48);
INSERT INTO rennen (Datum,StreckenID,Jahr,PoleFahrerID,SchnellsteRundeID) VALUES (str_to_date('30.06.13','%d.%m.%y'),1,2013,27,48);
INSERT INTO rennen (Datum,StreckenID,Jahr,PoleFahrerID,SchnellsteRundeID) VALUES (str_to_date('07.07.13','%d.%m.%y'),8,2013,27,6);
INSERT INTO rennen (Datum,StreckenID,Jahr,PoleFahrerID,SchnellsteRundeID) VALUES (str_to_date('28.07.13','%d.%m.%y'),51,2013,27,48);
INSERT INTO rennen (Datum,StreckenID,Jahr,PoleFahrerID,SchnellsteRundeID) VALUES (str_to_date('25.08.13','%d.%m.%y'),5,2013,27,58);
INSERT INTO rennen (Datum,StreckenID,Jahr,PoleFahrerID,SchnellsteRundeID) VALUES (str_to_date('08.09.13','%d.%m.%y'),7,2013,58,27);
INSERT INTO rennen (Datum,StreckenID,Jahr,PoleFahrerID,SchnellsteRundeID) VALUES (str_to_date('22.09.13','%d.%m.%y'),64,2013,58,58);
INSERT INTO rennen (Datum,StreckenID,Jahr,PoleFahrerID,SchnellsteRundeID) VALUES (str_to_date('06.10.13','%d.%m.%y'),66,2013,58,58);
INSERT INTO rennen (Datum,StreckenID,Jahr,PoleFahrerID,SchnellsteRundeID) VALUES (str_to_date('13.10.13','%d.%m.%y'),52,2013,48,48);
INSERT INTO rennen (Datum,StreckenID,Jahr,PoleFahrerID,SchnellsteRundeID) VALUES (str_to_date('27.10.13','%d.%m.%y'),67,2013,58,5);
INSERT INTO rennen (Datum,StreckenID,Jahr,PoleFahrerID,SchnellsteRundeID) VALUES (str_to_date('03.11.13','%d.%m.%y'),65,2013,48,6);
INSERT INTO rennen (Datum,StreckenID,Jahr,PoleFahrerID,SchnellsteRundeID) VALUES (str_to_date('17.11.13','%d.%m.%y'),68,2013,58,58);
INSERT INTO rennen (Datum,StreckenID,Jahr,PoleFahrerID,SchnellsteRundeID) VALUES (str_to_date('24.11.13','%d.%m.%y'),36,2013,58,48);
INSERT INTO rennen (Datum,StreckenID,Jahr,PoleFahrerID,SchnellsteRundeID) VALUES (str_to_date('16.03.14','%d.%m.%y'),58,2014,27,75);
INSERT INTO rennen (Datum,StreckenID,Jahr,PoleFahrerID,SchnellsteRundeID) VALUES (str_to_date('30.03.14','%d.%m.%y'),59,2014,27,27);
INSERT INTO rennen (Datum,StreckenID,Jahr,PoleFahrerID,SchnellsteRundeID) VALUES (str_to_date('06.04.14','%d.%m.%y'),60,2014,75,75);
INSERT INTO rennen (Datum,StreckenID,Jahr,PoleFahrerID,SchnellsteRundeID) VALUES (str_to_date('20.04.14','%d.%m.%y'),61,2014,27,75);
INSERT INTO rennen (Datum,StreckenID,Jahr,PoleFahrerID,SchnellsteRundeID) VALUES (str_to_date('11.05.14','%d.%m.%y'),55,2014,27,58);
INSERT INTO rennen (Datum,StreckenID,Jahr,PoleFahrerID,SchnellsteRundeID) VALUES (str_to_date('25.05.14','%d.%m.%y'),2,2014,75,5);
INSERT INTO rennen (Datum,StreckenID,Jahr,PoleFahrerID,SchnellsteRundeID) VALUES (str_to_date('08.06.14','%d.%m.%y'),43,2014,75,17);
INSERT INTO rennen (Datum,StreckenID,Jahr,PoleFahrerID,SchnellsteRundeID) VALUES (str_to_date('22.06.14','%d.%m.%y'),25,2014,17,598);
INSERT INTO rennen (Datum,StreckenID,Jahr,PoleFahrerID,SchnellsteRundeID) VALUES (str_to_date('06.07.14','%d.%m.%y'),1,2014,75,27);
INSERT INTO rennen (Datum,StreckenID,Jahr,PoleFahrerID,SchnellsteRundeID) VALUES (str_to_date('20.07.14','%d.%m.%y'),33,2014,75,27);
INSERT INTO rennen (Datum,StreckenID,Jahr,PoleFahrerID,SchnellsteRundeID) VALUES (str_to_date('27.07.14','%d.%m.%y'),51,2014,75,75);
INSERT INTO rennen (Datum,StreckenID,Jahr,PoleFahrerID,SchnellsteRundeID) VALUES (str_to_date('24.08.14','%d.%m.%y'),5,2014,75,75);
INSERT INTO rennen (Datum,StreckenID,Jahr,PoleFahrerID,SchnellsteRundeID) VALUES (str_to_date('07.09.14','%d.%m.%y'),7,2014,27,27);
INSERT INTO rennen (Datum,StreckenID,Jahr,PoleFahrerID,SchnellsteRundeID) VALUES (str_to_date('21.09.14','%d.%m.%y'),64,2014,27,27);
INSERT INTO rennen (Datum,StreckenID,Jahr,PoleFahrerID,SchnellsteRundeID) VALUES (str_to_date('05.10.14','%d.%m.%y'),52,2014,75,27);
INSERT INTO rennen (Datum,StreckenID,Jahr,PoleFahrerID,SchnellsteRundeID) VALUES (str_to_date('12.10.14','%d.%m.%y'),69,2014,27,601);
INSERT INTO rennen (Datum,StreckenID,Jahr,PoleFahrerID,SchnellsteRundeID) VALUES (str_to_date('02.11.14','%d.%m.%y'),68,2014,75,58);
INSERT INTO rennen (Datum,StreckenID,Jahr,PoleFahrerID,SchnellsteRundeID) VALUES (str_to_date('09.11.14','%d.%m.%y'),36,2014,75,27);
INSERT INTO rennen (Datum,StreckenID,Jahr,PoleFahrerID,SchnellsteRundeID) VALUES (str_to_date('23.11.14','%d.%m.%y'),65,2014,75,586);

COMMIT WORK;

/*==============================================================*/
/* Table: setztein                                              */
/*==============================================================*/
INSERT INTO setztein (RennstallID,rennfahrerID,Punkte) VALUES (810,48,199);
INSERT INTO setztein (RennstallID,rennfahrerID,Punkte) VALUES (810,58,397);
INSERT INTO setztein (RennstallID,rennfahrerID,Punkte) VALUES (811,16,73);
INSERT INTO setztein (RennstallID,rennfahrerID,Punkte) VALUES (811,598,49);
INSERT INTO setztein (RennstallID,rennfahrerID,Punkte) VALUES (812,6,242);
INSERT INTO setztein (RennstallID,rennfahrerID,Punkte) VALUES (812,17,112);
INSERT INTO setztein (RennstallID,rennfahrerID,Punkte) VALUES (813,27,189);
INSERT INTO setztein (RennstallID,rennfahrerID,Punkte) VALUES (813,75,171);
INSERT INTO setztein (RennstallID,rennfahrerID,Punkte) VALUES (814,5,183);
INSERT INTO setztein (RennstallID,rennfahrerID,Punkte) VALUES (814,63,0);
INSERT INTO setztein (RennstallID,rennfahrerID,Punkte) VALUES (814,585,132);
INSERT INTO setztein (RennstallID,rennfahrerID,Punkte) VALUES (815,593,1);
INSERT INTO setztein (RennstallID,rennfahrerID,Punkte) VALUES (815,601,4);
INSERT INTO setztein (RennstallID,rennfahrerID,Punkte) VALUES (816,586,20);
INSERT INTO setztein (RennstallID,rennfahrerID,Punkte) VALUES (816,597,13);
INSERT INTO setztein (RennstallID,rennfahrerID,Punkte) VALUES (817,201,29);
INSERT INTO setztein (RennstallID,rennfahrerID,Punkte) VALUES (817,594,48);
INSERT INTO setztein (RennstallID,rennfahrerID,Punkte) VALUES (818,587,51);
INSERT INTO setztein (RennstallID,rennfahrerID,Punkte) VALUES (818,600,6);
INSERT INTO setztein (RennstallID,rennfahrerID,Punkte) VALUES (819,599,0);
INSERT INTO setztein (RennstallID,rennfahrerID,Punkte) VALUES (819,602,0);
INSERT INTO setztein (RennstallID,rennfahrerID,Punkte) VALUES (820,603,0);
INSERT INTO setztein (RennstallID,rennfahrerID,Punkte) VALUES (820,604,0);
INSERT INTO setztein (RennstallID,rennfahrerID,Punkte) VALUES (822,58,167);
INSERT INTO setztein (RennstallID,rennfahrerID,Punkte) VALUES (822,586,238);
INSERT INTO setztein (RennstallID,rennfahrerID,Punkte) VALUES (823,5,55);
INSERT INTO setztein (RennstallID,rennfahrerID,Punkte) VALUES (823,6,161);
INSERT INTO setztein (RennstallID,rennfahrerID,Punkte) VALUES (824,16,126);
INSERT INTO setztein (RennstallID,rennfahrerID,Punkte) VALUES (824,605,55);
INSERT INTO setztein (RennstallID,rennfahrerID,Punkte) VALUES (825,27,384);
INSERT INTO setztein (RennstallID,rennfahrerID,Punkte) VALUES (825,75,317);
INSERT INTO setztein (RennstallID,rennfahrerID,Punkte) VALUES (826,585,8);
INSERT INTO setztein (RennstallID,rennfahrerID,Punkte) VALUES (826,593,2);
INSERT INTO setztein (RennstallID,rennfahrerID,Punkte) VALUES (827,17,134);
INSERT INTO setztein (RennstallID,rennfahrerID,Punkte) VALUES (827,601,186);
INSERT INTO setztein (RennstallID,rennfahrerID,Punkte) VALUES (828,597,22);
INSERT INTO setztein (RennstallID,rennfahrerID,Punkte) VALUES (828,606,8);
INSERT INTO setztein (RennstallID,rennfahrerID,Punkte) VALUES (829,587,96);
INSERT INTO setztein (RennstallID,rennfahrerID,Punkte) VALUES (829,598,59);
INSERT INTO setztein (RennstallID,rennfahrerID,Punkte) VALUES (830,201,0);
INSERT INTO setztein (RennstallID,rennfahrerID,Punkte) VALUES (830,600,0);
INSERT INTO setztein (RennstallID,rennfahrerID,Punkte) VALUES (831,260,0);
INSERT INTO setztein (RennstallID,rennfahrerID,Punkte) VALUES (831,607,0);
INSERT INTO setztein (RennstallID,rennfahrerID,Punkte) VALUES (831,608,0);
INSERT INTO setztein (RennstallID,rennfahrerID,Punkte) VALUES (831,609,0);
INSERT INTO setztein (RennstallID,rennfahrerID,Punkte) VALUES (832,603,2);
INSERT INTO setztein (RennstallID,rennfahrerID,Punkte) VALUES (832,604,0);

COMMIT WORK;

/*==============================================================*/
/* Table: gefahrenvon                                           */
/*==============================================================*/
Insert into gefahrenvon (rennfahrerID,DATUM,PLATZ) values (604,str_to_date('25.05.14','%d.%m.%y'),14);
Insert into gefahrenvon (rennfahrerID,DATUM,PLATZ) values (604,str_to_date('08.06.14','%d.%m.%y'),null);
Insert into gefahrenvon (rennfahrerID,DATUM,PLATZ) values (604,str_to_date('22.06.14','%d.%m.%y'),17);
Insert into gefahrenvon (rennfahrerID,DATUM,PLATZ) values (604,str_to_date('06.07.14','%d.%m.%y'),16);
Insert into gefahrenvon (rennfahrerID,DATUM,PLATZ) values (604,str_to_date('20.07.14','%d.%m.%y'),17);
Insert into gefahrenvon (rennfahrerID,DATUM,PLATZ) values (604,str_to_date('27.07.14','%d.%m.%y'),16);
Insert into gefahrenvon (rennfahrerID,DATUM,PLATZ) values (604,str_to_date('24.08.14','%d.%m.%y'),16);
Insert into gefahrenvon (rennfahrerID,DATUM,PLATZ) values (605,str_to_date('16.03.14','%d.%m.%y'),2);
Insert into gefahrenvon (rennfahrerID,DATUM,PLATZ) values (605,str_to_date('30.03.14','%d.%m.%y'),9);
Insert into gefahrenvon (rennfahrerID,DATUM,PLATZ) values (605,str_to_date('06.04.14','%d.%m.%y'),null);
Insert into gefahrenvon (rennfahrerID,DATUM,PLATZ) values (605,str_to_date('20.04.14','%d.%m.%y'),13);
Insert into gefahrenvon (rennfahrerID,DATUM,PLATZ) values (605,str_to_date('11.05.14','%d.%m.%y'),12);
Insert into gefahrenvon (rennfahrerID,DATUM,PLATZ) values (605,str_to_date('25.05.14','%d.%m.%y'),10);
Insert into gefahrenvon (rennfahrerID,DATUM,PLATZ) values (605,str_to_date('08.06.14','%d.%m.%y'),9);
Insert into gefahrenvon (rennfahrerID,DATUM,PLATZ) values (605,str_to_date('22.06.14','%d.%m.%y'),7);
Insert into gefahrenvon (rennfahrerID,DATUM,PLATZ) values (605,str_to_date('06.07.14','%d.%m.%y'),7);
Insert into gefahrenvon (rennfahrerID,DATUM,PLATZ) values (605,str_to_date('20.07.14','%d.%m.%y'),9);
Insert into gefahrenvon (rennfahrerID,DATUM,PLATZ) values (605,str_to_date('27.07.14','%d.%m.%y'),12);
Insert into gefahrenvon (rennfahrerID,DATUM,PLATZ) values (605,str_to_date('24.08.14','%d.%m.%y'),12);
Insert into gefahrenvon (rennfahrerID,DATUM,PLATZ) values (606,str_to_date('16.03.14','%d.%m.%y'),9);
Insert into gefahrenvon (rennfahrerID,DATUM,PLATZ) values (606,str_to_date('30.03.14','%d.%m.%y'),10);
Insert into gefahrenvon (rennfahrerID,DATUM,PLATZ) values (606,str_to_date('06.04.14','%d.%m.%y'),11);
Insert into gefahrenvon (rennfahrerID,DATUM,PLATZ) values (606,str_to_date('20.04.14','%d.%m.%y'),10);
Insert into gefahrenvon (rennfahrerID,DATUM,PLATZ) values (606,str_to_date('11.05.14','%d.%m.%y'),14);
Insert into gefahrenvon (rennfahrerID,DATUM,PLATZ) values (606,str_to_date('25.05.14','%d.%m.%y'),null);
Insert into gefahrenvon (rennfahrerID,DATUM,PLATZ) values (606,str_to_date('08.06.14','%d.%m.%y'),null);
Insert into gefahrenvon (rennfahrerID,DATUM,PLATZ) values (606,str_to_date('22.06.14','%d.%m.%y'),null);
Insert into gefahrenvon (rennfahrerID,DATUM,PLATZ) values (606,str_to_date('06.07.14','%d.%m.%y'),9);
Insert into gefahrenvon (rennfahrerID,DATUM,PLATZ) values (606,str_to_date('20.07.14','%d.%m.%y'),null);
Insert into gefahrenvon (rennfahrerID,DATUM,PLATZ) values (606,str_to_date('27.07.14','%d.%m.%y'),14);
Insert into gefahrenvon (rennfahrerID,DATUM,PLATZ) values (606,str_to_date('24.08.14','%d.%m.%y'),9);
Insert into gefahrenvon (rennfahrerID,DATUM,PLATZ) values (607,str_to_date('16.03.14','%d.%m.%y'),null);
Insert into gefahrenvon (rennfahrerID,DATUM,PLATZ) values (607,str_to_date('30.03.14','%d.%m.%y'),14);
Insert into gefahrenvon (rennfahrerID,DATUM,PLATZ) values (607,str_to_date('06.04.14','%d.%m.%y'),null);
Insert into gefahrenvon (rennfahrerID,DATUM,PLATZ) values (607,str_to_date('20.04.14','%d.%m.%y'),20);
Insert into gefahrenvon (rennfahrerID,DATUM,PLATZ) values (607,str_to_date('11.05.14','%d.%m.%y'),20);
Insert into gefahrenvon (rennfahrerID,DATUM,PLATZ) values (607,str_to_date('25.05.14','%d.%m.%y'),11);
Insert into gefahrenvon (rennfahrerID,DATUM,PLATZ) values (607,str_to_date('08.06.14','%d.%m.%y'),null);
Insert into gefahrenvon (rennfahrerID,DATUM,PLATZ) values (607,str_to_date('22.06.14','%d.%m.%y'),18);
Insert into gefahrenvon (rennfahrerID,DATUM,PLATZ) values (607,str_to_date('06.07.14','%d.%m.%y'),null);
Insert into gefahrenvon (rennfahrerID,DATUM,PLATZ) values (607,str_to_date('20.07.14','%d.%m.%y'),18);
Insert into gefahrenvon (rennfahrerID,DATUM,PLATZ) values (607,str_to_date('27.07.14','%d.%m.%y'),null);
Insert into gefahrenvon (rennfahrerID,DATUM,PLATZ) values (607,str_to_date('24.08.14','%d.%m.%y'),17);
Insert into gefahrenvon (rennfahrerID,DATUM,PLATZ) values (608,str_to_date('24.08.14','%d.%m.%y'),null);
Insert into gefahrenvon (rennfahrerID,DATUM,PLATZ) values (75,str_to_date('07.09.14','%d.%m.%y'),2);
Insert into gefahrenvon (rennfahrerID,DATUM,PLATZ) values (27,str_to_date('07.09.14','%d.%m.%y'),1);
Insert into gefahrenvon (rennfahrerID,DATUM,PLATZ) values (586,str_to_date('07.09.14','%d.%m.%y'),5);
Insert into gefahrenvon (rennfahrerID,DATUM,PLATZ) values (6,str_to_date('07.09.14','%d.%m.%y'),null);
Insert into gefahrenvon (rennfahrerID,DATUM,PLATZ) values (601,str_to_date('07.09.14','%d.%m.%y'),4);
Insert into gefahrenvon (rennfahrerID,DATUM,PLATZ) values (58,str_to_date('07.09.14','%d.%m.%y'),6);
Insert into gefahrenvon (rennfahrerID,DATUM,PLATZ) values (587,str_to_date('07.09.14','%d.%m.%y'),12);
Insert into gefahrenvon (rennfahrerID,DATUM,PLATZ) values (16,str_to_date('07.09.14','%d.%m.%y'),8);
Insert into gefahrenvon (rennfahrerID,DATUM,PLATZ) values (17,str_to_date('07.09.14','%d.%m.%y'),3);
Insert into gefahrenvon (rennfahrerID,DATUM,PLATZ) values (5,str_to_date('07.09.14','%d.%m.%y'),9);
Insert into gefahrenvon (rennfahrerID,DATUM,PLATZ) values (605,str_to_date('07.09.14','%d.%m.%y'),10);
Insert into gefahrenvon (rennfahrerID,DATUM,PLATZ) values (598,str_to_date('07.09.14','%d.%m.%y'),7);
Insert into gefahrenvon (rennfahrerID,DATUM,PLATZ) values (597,str_to_date('07.09.14','%d.%m.%y'),13);
Insert into gefahrenvon (rennfahrerID,DATUM,PLATZ) values (585,str_to_date('07.09.14','%d.%m.%y'),16);
Insert into gefahrenvon (rennfahrerID,DATUM,PLATZ) values (606,str_to_date('07.09.14','%d.%m.%y'),11);
Insert into gefahrenvon (rennfahrerID,DATUM,PLATZ) values (603,str_to_date('07.09.14','%d.%m.%y'),18);
Insert into gefahrenvon (rennfahrerID,DATUM,PLATZ) values (201,str_to_date('07.09.14','%d.%m.%y'),15);
Insert into gefahrenvon (rennfahrerID,DATUM,PLATZ) values (607,str_to_date('07.09.14','%d.%m.%y'),19);
Insert into gefahrenvon (rennfahrerID,DATUM,PLATZ) values (593,str_to_date('07.09.14','%d.%m.%y'),14);
Insert into gefahrenvon (rennfahrerID,DATUM,PLATZ) values (600,str_to_date('07.09.14','%d.%m.%y'),20);
Insert into gefahrenvon (rennfahrerID,DATUM,PLATZ) values (604,str_to_date('07.09.14','%d.%m.%y'),null);
Insert into gefahrenvon (rennfahrerID,DATUM,PLATZ) values (260,str_to_date('07.09.14','%d.%m.%y'),17);
Insert into gefahrenvon (rennfahrerID,DATUM,PLATZ) values (5,str_to_date('17.03.13','%d.%m.%y'),1);
Insert into gefahrenvon (rennfahrerID,DATUM,PLATZ) values (5,str_to_date('24.03.13','%d.%m.%y'),7);
Insert into gefahrenvon (rennfahrerID,DATUM,PLATZ) values (5,str_to_date('14.04.13','%d.%m.%y'),2);
Insert into gefahrenvon (rennfahrerID,DATUM,PLATZ) values (5,str_to_date('21.04.13','%d.%m.%y'),2);
Insert into gefahrenvon (rennfahrerID,DATUM,PLATZ) values (5,str_to_date('12.05.13','%d.%m.%y'),2);
Insert into gefahrenvon (rennfahrerID,DATUM,PLATZ) values (5,str_to_date('26.05.13','%d.%m.%y'),10);
Insert into gefahrenvon (rennfahrerID,DATUM,PLATZ) values (5,str_to_date('09.06.13','%d.%m.%y'),9);
Insert into gefahrenvon (rennfahrerID,DATUM,PLATZ) values (5,str_to_date('30.06.13','%d.%m.%y'),5);
Insert into gefahrenvon (rennfahrerID,DATUM,PLATZ) values (5,str_to_date('07.07.13','%d.%m.%y'),2);
Insert into gefahrenvon (rennfahrerID,DATUM,PLATZ) values (5,str_to_date('28.07.13','%d.%m.%y'),2);
Insert into gefahrenvon (rennfahrerID,DATUM,PLATZ) values (5,str_to_date('25.08.13','%d.%m.%y'),null);
Insert into gefahrenvon (rennfahrerID,DATUM,PLATZ) values (5,str_to_date('08.09.13','%d.%m.%y'),11);
Insert into gefahrenvon (rennfahrerID,DATUM,PLATZ) values (5,str_to_date('22.09.13','%d.%m.%y'),3);
Insert into gefahrenvon (rennfahrerID,DATUM,PLATZ) values (5,str_to_date('06.10.13','%d.%m.%y'),2);
Insert into gefahrenvon (rennfahrerID,DATUM,PLATZ) values (5,str_to_date('13.10.13','%d.%m.%y'),5);
Insert into gefahrenvon (rennfahrerID,DATUM,PLATZ) values (5,str_to_date('27.10.13','%d.%m.%y'),7);
Insert into gefahrenvon (rennfahrerID,DATUM,PLATZ) values (5,str_to_date('03.11.13','%d.%m.%y'),null);
Insert into gefahrenvon (rennfahrerID,DATUM,PLATZ) values (5,str_to_date('16.03.14','%d.%m.%y'),7);
Insert into gefahrenvon (rennfahrerID,DATUM,PLATZ) values (5,str_to_date('30.03.14','%d.%m.%y'),12);
Insert into gefahrenvon (rennfahrerID,DATUM,PLATZ) values (5,str_to_date('06.04.14','%d.%m.%y'),10);
Insert into gefahrenvon (rennfahrerID,DATUM,PLATZ) values (5,str_to_date('20.04.14','%d.%m.%y'),8);
Insert into gefahrenvon (rennfahrerID,DATUM,PLATZ) values (5,str_to_date('11.05.14','%d.%m.%y'),7);
Insert into gefahrenvon (rennfahrerID,DATUM,PLATZ) values (5,str_to_date('25.05.14','%d.%m.%y'),12);
Insert into gefahrenvon (rennfahrerID,DATUM,PLATZ) values (5,str_to_date('08.06.14','%d.%m.%y'),10);
Insert into gefahrenvon (rennfahrerID,DATUM,PLATZ) values (5,str_to_date('22.06.14','%d.%m.%y'),10);
Insert into gefahrenvon (rennfahrerID,DATUM,PLATZ) values (5,str_to_date('06.07.14','%d.%m.%y'),null);
Insert into gefahrenvon (rennfahrerID,DATUM,PLATZ) values (5,str_to_date('20.07.14','%d.%m.%y'),11);
Insert into gefahrenvon (rennfahrerID,DATUM,PLATZ) values (5,str_to_date('27.07.14','%d.%m.%y'),6);
Insert into gefahrenvon (rennfahrerID,DATUM,PLATZ) values (5,str_to_date('24.08.14','%d.%m.%y'),4);
Insert into gefahrenvon (rennfahrerID,DATUM,PLATZ) values (6,str_to_date('17.03.13','%d.%m.%y'),2);
Insert into gefahrenvon (rennfahrerID,DATUM,PLATZ) values (6,str_to_date('24.03.13','%d.%m.%y'),null);
Insert into gefahrenvon (rennfahrerID,DATUM,PLATZ) values (6,str_to_date('14.04.13','%d.%m.%y'),1);
Insert into gefahrenvon (rennfahrerID,DATUM,PLATZ) values (6,str_to_date('21.04.13','%d.%m.%y'),8);
Insert into gefahrenvon (rennfahrerID,DATUM,PLATZ) values (6,str_to_date('12.05.13','%d.%m.%y'),1);
Insert into gefahrenvon (rennfahrerID,DATUM,PLATZ) values (6,str_to_date('26.05.13','%d.%m.%y'),7);
Insert into gefahrenvon (rennfahrerID,DATUM,PLATZ) values (6,str_to_date('09.06.13','%d.%m.%y'),2);
Insert into gefahrenvon (rennfahrerID,DATUM,PLATZ) values (6,str_to_date('30.06.13','%d.%m.%y'),3);
Insert into gefahrenvon (rennfahrerID,DATUM,PLATZ) values (6,str_to_date('07.07.13','%d.%m.%y'),4);
Insert into gefahrenvon (rennfahrerID,DATUM,PLATZ) values (6,str_to_date('28.07.13','%d.%m.%y'),5);
Insert into gefahrenvon (rennfahrerID,DATUM,PLATZ) values (6,str_to_date('25.08.13','%d.%m.%y'),2);
Insert into gefahrenvon (rennfahrerID,DATUM,PLATZ) values (6,str_to_date('08.09.13','%d.%m.%y'),2);
Insert into gefahrenvon (rennfahrerID,DATUM,PLATZ) values (6,str_to_date('22.09.13','%d.%m.%y'),2);
Insert into gefahrenvon (rennfahrerID,DATUM,PLATZ) values (6,str_to_date('06.10.13','%d.%m.%y'),6);
Insert into gefahrenvon (rennfahrerID,DATUM,PLATZ) values (6,str_to_date('13.10.13','%d.%m.%y'),4);
Insert into gefahrenvon (rennfahrerID,DATUM,PLATZ) values (6,str_to_date('27.10.13','%d.%m.%y'),11);
Insert into gefahrenvon (rennfahrerID,DATUM,PLATZ) values (6,str_to_date('03.11.13','%d.%m.%y'),5);
Insert into gefahrenvon (rennfahrerID,DATUM,PLATZ) values (6,str_to_date('17.11.13','%d.%m.%y'),5);
Insert into gefahrenvon (rennfahrerID,DATUM,PLATZ) values (6,str_to_date('24.11.13','%d.%m.%y'),3);
Insert into gefahrenvon (rennfahrerID,DATUM,PLATZ) values (6,str_to_date('16.03.14','%d.%m.%y'),4);
Insert into gefahrenvon (rennfahrerID,DATUM,PLATZ) values (6,str_to_date('30.03.14','%d.%m.%y'),4);
Insert into gefahrenvon (rennfahrerID,DATUM,PLATZ) values (6,str_to_date('06.04.14','%d.%m.%y'),9);
Insert into gefahrenvon (rennfahrerID,DATUM,PLATZ) values (6,str_to_date('20.04.14','%d.%m.%y'),3);
Insert into gefahrenvon (rennfahrerID,DATUM,PLATZ) values (6,str_to_date('11.05.14','%d.%m.%y'),6);
Insert into gefahrenvon (rennfahrerID,DATUM,PLATZ) values (6,str_to_date('25.05.14','%d.%m.%y'),4);
Insert into gefahrenvon (rennfahrerID,DATUM,PLATZ) values (6,str_to_date('08.06.14','%d.%m.%y'),6);
Insert into gefahrenvon (rennfahrerID,DATUM,PLATZ) values (6,str_to_date('22.06.14','%d.%m.%y'),5);
Insert into gefahrenvon (rennfahrerID,DATUM,PLATZ) values (6,str_to_date('06.07.14','%d.%m.%y'),6);
Insert into gefahrenvon (rennfahrerID,DATUM,PLATZ) values (6,str_to_date('20.07.14','%d.%m.%y'),5);
Insert into gefahrenvon (rennfahrerID,DATUM,PLATZ) values (6,str_to_date('27.07.14','%d.%m.%y'),2);
Insert into gefahrenvon (rennfahrerID,DATUM,PLATZ) values (6,str_to_date('24.08.14','%d.%m.%y'),7);
Insert into gefahrenvon (rennfahrerID,DATUM,PLATZ) values (16,str_to_date('17.03.13','%d.%m.%y'),9);
Insert into gefahrenvon (rennfahrerID,DATUM,PLATZ) values (16,str_to_date('24.03.13','%d.%m.%y'),17);
Insert into gefahrenvon (rennfahrerID,DATUM,PLATZ) values (16,str_to_date('14.04.13','%d.%m.%y'),5);
Insert into gefahrenvon (rennfahrerID,DATUM,PLATZ) values (16,str_to_date('21.04.13','%d.%m.%y'),10);
Insert into gefahrenvon (rennfahrerID,DATUM,PLATZ) values (16,str_to_date('12.05.13','%d.%m.%y'),8);
Insert into gefahrenvon (rennfahrerID,DATUM,PLATZ) values (16,str_to_date('26.05.13','%d.%m.%y'),6);
Insert into gefahrenvon (rennfahrerID,DATUM,PLATZ) values (16,str_to_date('09.06.13','%d.%m.%y'),12);
Insert into gefahrenvon (rennfahrerID,DATUM,PLATZ) values (16,str_to_date('30.06.13','%d.%m.%y'),13);
Insert into gefahrenvon (rennfahrerID,DATUM,PLATZ) values (16,str_to_date('07.07.13','%d.%m.%y'),6);
Insert into gefahrenvon (rennfahrerID,DATUM,PLATZ) values (16,str_to_date('28.07.13','%d.%m.%y'),7);
Insert into gefahrenvon (rennfahrerID,DATUM,PLATZ) values (16,str_to_date('25.08.13','%d.%m.%y'),6);
Insert into gefahrenvon (rennfahrerID,DATUM,PLATZ) values (16,str_to_date('08.09.13','%d.%m.%y'),10);
Insert into gefahrenvon (rennfahrerID,DATUM,PLATZ) values (16,str_to_date('22.09.13','%d.%m.%y'),7);
Insert into gefahrenvon (rennfahrerID,DATUM,PLATZ) values (16,str_to_date('06.10.13','%d.%m.%y'),8);
Insert into gefahrenvon (rennfahrerID,DATUM,PLATZ) values (16,str_to_date('13.10.13','%d.%m.%y'),9);
Insert into gefahrenvon (rennfahrerID,DATUM,PLATZ) values (16,str_to_date('27.10.13','%d.%m.%y'),14);
Insert into gefahrenvon (rennfahrerID,DATUM,PLATZ) values (16,str_to_date('03.11.13','%d.%m.%y'),12);
Insert into gefahrenvon (rennfahrerID,DATUM,PLATZ) values (16,str_to_date('17.11.13','%d.%m.%y'),10);
Insert into gefahrenvon (rennfahrerID,DATUM,PLATZ) values (16,str_to_date('24.11.13','%d.%m.%y'),4);
Insert into gefahrenvon (rennfahrerID,DATUM,PLATZ) values (16,str_to_date('16.03.14','%d.%m.%y'),3);
Insert into gefahrenvon (rennfahrerID,DATUM,PLATZ) values (16,str_to_date('30.03.14','%d.%m.%y'),6);
Insert into gefahrenvon (rennfahrerID,DATUM,PLATZ) values (16,str_to_date('06.04.14','%d.%m.%y'),17);
Insert into gefahrenvon (rennfahrerID,DATUM,PLATZ) values (16,str_to_date('20.04.14','%d.%m.%y'),11);
Insert into gefahrenvon (rennfahrerID,DATUM,PLATZ) values (16,str_to_date('11.05.14','%d.%m.%y'),11);
Insert into gefahrenvon (rennfahrerID,DATUM,PLATZ) values (16,str_to_date('25.05.14','%d.%m.%y'),6);
Insert into gefahrenvon (rennfahrerID,DATUM,PLATZ) values (16,str_to_date('08.06.14','%d.%m.%y'),4);
Insert into gefahrenvon (rennfahrerID,DATUM,PLATZ) values (16,str_to_date('22.06.14','%d.%m.%y'),11);
Insert into gefahrenvon (rennfahrerID,DATUM,PLATZ) values (16,str_to_date('06.07.14','%d.%m.%y'),4);
Insert into gefahrenvon (rennfahrerID,DATUM,PLATZ) values (16,str_to_date('20.07.14','%d.%m.%y'),8);
Insert into gefahrenvon (rennfahrerID,DATUM,PLATZ) values (16,str_to_date('27.07.14','%d.%m.%y'),10);
Insert into gefahrenvon (rennfahrerID,DATUM,PLATZ) values (16,str_to_date('24.08.14','%d.%m.%y'),6);
Insert into gefahrenvon (rennfahrerID,DATUM,PLATZ) values (27,str_to_date('17.03.13','%d.%m.%y'),5);
Insert into gefahrenvon (rennfahrerID,DATUM,PLATZ) values (27,str_to_date('24.03.13','%d.%m.%y'),3);
Insert into gefahrenvon (rennfahrerID,DATUM,PLATZ) values (27,str_to_date('14.04.13','%d.%m.%y'),3);
Insert into gefahrenvon (rennfahrerID,DATUM,PLATZ) values (27,str_to_date('21.04.13','%d.%m.%y'),5);
Insert into gefahrenvon (rennfahrerID,DATUM,PLATZ) values (27,str_to_date('12.05.13','%d.%m.%y'),12);
Insert into gefahrenvon (rennfahrerID,DATUM,PLATZ) values (27,str_to_date('26.05.13','%d.%m.%y'),4);
Insert into gefahrenvon (rennfahrerID,DATUM,PLATZ) values (27,str_to_date('09.06.13','%d.%m.%y'),3);
Insert into gefahrenvon (rennfahrerID,DATUM,PLATZ) values (27,str_to_date('30.06.13','%d.%m.%y'),4);
Insert into gefahrenvon (rennfahrerID,DATUM,PLATZ) values (27,str_to_date('07.07.13','%d.%m.%y'),5);
Insert into gefahrenvon (rennfahrerID,DATUM,PLATZ) values (27,str_to_date('28.07.13','%d.%m.%y'),1);
Insert into gefahrenvon (rennfahrerID,DATUM,PLATZ) values (27,str_to_date('25.08.13','%d.%m.%y'),3);
Insert into gefahrenvon (rennfahrerID,DATUM,PLATZ) values (27,str_to_date('08.09.13','%d.%m.%y'),9);
Insert into gefahrenvon (rennfahrerID,DATUM,PLATZ) values (27,str_to_date('22.09.13','%d.%m.%y'),5);
Insert into gefahrenvon (rennfahrerID,DATUM,PLATZ) values (27,str_to_date('06.10.13','%d.%m.%y'),5);
Insert into gefahrenvon (rennfahrerID,DATUM,PLATZ) values (27,str_to_date('13.10.13','%d.%m.%y'),null);
Insert into gefahrenvon (rennfahrerID,DATUM,PLATZ) values (27,str_to_date('27.10.13','%d.%m.%y'),6);
Insert into gefahrenvon (rennfahrerID,DATUM,PLATZ) values (27,str_to_date('03.11.13','%d.%m.%y'),7);
Insert into gefahrenvon (rennfahrerID,DATUM,PLATZ) values (27,str_to_date('17.11.13','%d.%m.%y'),4);
Insert into gefahrenvon (rennfahrerID,DATUM,PLATZ) values (27,str_to_date('24.11.13','%d.%m.%y'),9);
Insert into gefahrenvon (rennfahrerID,DATUM,PLATZ) values (27,str_to_date('16.03.14','%d.%m.%y'),null);
Insert into gefahrenvon (rennfahrerID,DATUM,PLATZ) values (27,str_to_date('30.03.14','%d.%m.%y'),1);
Insert into gefahrenvon (rennfahrerID,DATUM,PLATZ) values (27,str_to_date('06.04.14','%d.%m.%y'),1);
Insert into gefahrenvon (rennfahrerID,DATUM,PLATZ) values (27,str_to_date('20.04.14','%d.%m.%y'),1);
Insert into gefahrenvon (rennfahrerID,DATUM,PLATZ) values (27,str_to_date('11.05.14','%d.%m.%y'),1);
Insert into gefahrenvon (rennfahrerID,DATUM,PLATZ) values (27,str_to_date('25.05.14','%d.%m.%y'),2);
Insert into gefahrenvon (rennfahrerID,DATUM,PLATZ) values (27,str_to_date('08.06.14','%d.%m.%y'),null);
Insert into gefahrenvon (rennfahrerID,DATUM,PLATZ) values (27,str_to_date('22.06.14','%d.%m.%y'),2);
Insert into gefahrenvon (rennfahrerID,DATUM,PLATZ) values (27,str_to_date('06.07.14','%d.%m.%y'),1);
Insert into gefahrenvon (rennfahrerID,DATUM,PLATZ) values (27,str_to_date('20.07.14','%d.%m.%y'),3);
Insert into gefahrenvon (rennfahrerID,DATUM,PLATZ) values (27,str_to_date('27.07.14','%d.%m.%y'),3);
Insert into gefahrenvon (rennfahrerID,DATUM,PLATZ) values (27,str_to_date('24.08.14','%d.%m.%y'),null);
Insert into gefahrenvon (rennfahrerID,DATUM,PLATZ) values (17,str_to_date('17.03.13','%d.%m.%y'),4);
Insert into gefahrenvon (rennfahrerID,DATUM,PLATZ) values (17,str_to_date('24.03.13','%d.%m.%y'),5);
Insert into gefahrenvon (rennfahrerID,DATUM,PLATZ) values (17,str_to_date('14.04.13','%d.%m.%y'),6);
Insert into gefahrenvon (rennfahrerID,DATUM,PLATZ) values (17,str_to_date('21.04.13','%d.%m.%y'),15);
Insert into gefahrenvon (rennfahrerID,DATUM,PLATZ) values (17,str_to_date('12.05.13','%d.%m.%y'),3);
Insert into gefahrenvon (rennfahrerID,DATUM,PLATZ) values (17,str_to_date('26.05.13','%d.%m.%y'),null);
Insert into gefahrenvon (rennfahrerID,DATUM,PLATZ) values (17,str_to_date('09.06.13','%d.%m.%y'),8);
Insert into gefahrenvon (rennfahrerID,DATUM,PLATZ) values (17,str_to_date('30.06.13','%d.%m.%y'),6);
Insert into gefahrenvon (rennfahrerID,DATUM,PLATZ) values (17,str_to_date('07.07.13','%d.%m.%y'),null);
Insert into gefahrenvon (rennfahrerID,DATUM,PLATZ) values (17,str_to_date('28.07.13','%d.%m.%y'),8);
Insert into gefahrenvon (rennfahrerID,DATUM,PLATZ) values (17,str_to_date('25.08.13','%d.%m.%y'),7);
Insert into gefahrenvon (rennfahrerID,DATUM,PLATZ) values (17,str_to_date('08.09.13','%d.%m.%y'),4);
Insert into gefahrenvon (rennfahrerID,DATUM,PLATZ) values (17,str_to_date('22.09.13','%d.%m.%y'),6);
Insert into gefahrenvon (rennfahrerID,DATUM,PLATZ) values (17,str_to_date('06.10.13','%d.%m.%y'),9);
Insert into gefahrenvon (rennfahrerID,DATUM,PLATZ) values (17,str_to_date('13.10.13','%d.%m.%y'),10);
Insert into gefahrenvon (rennfahrerID,DATUM,PLATZ) values (17,str_to_date('27.10.13','%d.%m.%y'),4);
Insert into gefahrenvon (rennfahrerID,DATUM,PLATZ) values (17,str_to_date('03.11.13','%d.%m.%y'),8);
Insert into gefahrenvon (rennfahrerID,DATUM,PLATZ) values (17,str_to_date('17.11.13','%d.%m.%y'),12);
Insert into gefahrenvon (rennfahrerID,DATUM,PLATZ) values (17,str_to_date('24.11.13','%d.%m.%y'),7);
Insert into gefahrenvon (rennfahrerID,DATUM,PLATZ) values (17,str_to_date('16.03.14','%d.%m.%y'),null);
Insert into gefahrenvon (rennfahrerID,DATUM,PLATZ) values (17,str_to_date('30.03.14','%d.%m.%y'),7);
Insert into gefahrenvon (rennfahrerID,DATUM,PLATZ) values (17,str_to_date('06.04.14','%d.%m.%y'),7);
Insert into gefahrenvon (rennfahrerID,DATUM,PLATZ) values (17,str_to_date('20.04.14','%d.%m.%y'),15);
Insert into gefahrenvon (rennfahrerID,DATUM,PLATZ) values (17,str_to_date('11.05.14','%d.%m.%y'),13);
Insert into gefahrenvon (rennfahrerID,DATUM,PLATZ) values (17,str_to_date('25.05.14','%d.%m.%y'),7);
Insert into gefahrenvon (rennfahrerID,DATUM,PLATZ) values (17,str_to_date('08.06.14','%d.%m.%y'),12);
Insert into gefahrenvon (rennfahrerID,DATUM,PLATZ) values (17,str_to_date('22.06.14','%d.%m.%y'),4);
Insert into gefahrenvon (rennfahrerID,DATUM,PLATZ) values (17,str_to_date('06.07.14','%d.%m.%y'),null);
Insert into gefahrenvon (rennfahrerID,DATUM,PLATZ) values (17,str_to_date('20.07.14','%d.%m.%y'),null);
Insert into gefahrenvon (rennfahrerID,DATUM,PLATZ) values (17,str_to_date('27.07.14','%d.%m.%y'),5);
Insert into gefahrenvon (rennfahrerID,DATUM,PLATZ) values (17,str_to_date('24.08.14','%d.%m.%y'),13);
Insert into gefahrenvon (rennfahrerID,DATUM,PLATZ) values (48,str_to_date('17.03.13','%d.%m.%y'),6);
Insert into gefahrenvon (rennfahrerID,DATUM,PLATZ) values (48,str_to_date('24.03.13','%d.%m.%y'),2);
Insert into gefahrenvon (rennfahrerID,DATUM,PLATZ) values (48,str_to_date('14.04.13','%d.%m.%y'),null);
Insert into gefahrenvon (rennfahrerID,DATUM,PLATZ) values (48,str_to_date('21.04.13','%d.%m.%y'),7);
Insert into gefahrenvon (rennfahrerID,DATUM,PLATZ) values (48,str_to_date('12.05.13','%d.%m.%y'),5);
Insert into gefahrenvon (rennfahrerID,DATUM,PLATZ) values (48,str_to_date('26.05.13','%d.%m.%y'),3);
Insert into gefahrenvon (rennfahrerID,DATUM,PLATZ) values (48,str_to_date('09.06.13','%d.%m.%y'),4);
Insert into gefahrenvon (rennfahrerID,DATUM,PLATZ) values (48,str_to_date('30.06.13','%d.%m.%y'),2);
Insert into gefahrenvon (rennfahrerID,DATUM,PLATZ) values (48,str_to_date('07.07.13','%d.%m.%y'),7);
Insert into gefahrenvon (rennfahrerID,DATUM,PLATZ) values (48,str_to_date('28.07.13','%d.%m.%y'),4);
Insert into gefahrenvon (rennfahrerID,DATUM,PLATZ) values (48,str_to_date('25.08.13','%d.%m.%y'),5);
Insert into gefahrenvon (rennfahrerID,DATUM,PLATZ) values (48,str_to_date('08.09.13','%d.%m.%y'),3);
Insert into gefahrenvon (rennfahrerID,DATUM,PLATZ) values (48,str_to_date('22.09.13','%d.%m.%y'),15);
Insert into gefahrenvon (rennfahrerID,DATUM,PLATZ) values (48,str_to_date('06.10.13','%d.%m.%y'),null);
Insert into gefahrenvon (rennfahrerID,DATUM,PLATZ) values (48,str_to_date('13.10.13','%d.%m.%y'),2);
Insert into gefahrenvon (rennfahrerID,DATUM,PLATZ) values (48,str_to_date('27.10.13','%d.%m.%y'),null);
Insert into gefahrenvon (rennfahrerID,DATUM,PLATZ) values (48,str_to_date('03.11.13','%d.%m.%y'),2);
Insert into gefahrenvon (rennfahrerID,DATUM,PLATZ) values (48,str_to_date('17.11.13','%d.%m.%y'),3);
Insert into gefahrenvon (rennfahrerID,DATUM,PLATZ) values (48,str_to_date('24.11.13','%d.%m.%y'),2);
Insert into gefahrenvon (rennfahrerID,DATUM,PLATZ) values (58,str_to_date('17.03.13','%d.%m.%y'),3);
Insert into gefahrenvon (rennfahrerID,DATUM,PLATZ) values (58,str_to_date('24.03.13','%d.%m.%y'),1);
Insert into gefahrenvon (rennfahrerID,DATUM,PLATZ) values (58,str_to_date('14.04.13','%d.%m.%y'),4);
Insert into gefahrenvon (rennfahrerID,DATUM,PLATZ) values (58,str_to_date('21.04.13','%d.%m.%y'),1);
Insert into gefahrenvon (rennfahrerID,DATUM,PLATZ) values (58,str_to_date('12.05.13','%d.%m.%y'),4);
Insert into gefahrenvon (rennfahrerID,DATUM,PLATZ) values (58,str_to_date('26.05.13','%d.%m.%y'),2);
Insert into gefahrenvon (rennfahrerID,DATUM,PLATZ) values (58,str_to_date('09.06.13','%d.%m.%y'),1);
Insert into gefahrenvon (rennfahrerID,DATUM,PLATZ) values (58,str_to_date('30.06.13','%d.%m.%y'),null);
Insert into gefahrenvon (rennfahrerID,DATUM,PLATZ) values (58,str_to_date('07.07.13','%d.%m.%y'),1);
Insert into gefahrenvon (rennfahrerID,DATUM,PLATZ) values (58,str_to_date('28.07.13','%d.%m.%y'),3);
Insert into gefahrenvon (rennfahrerID,DATUM,PLATZ) values (58,str_to_date('25.08.13','%d.%m.%y'),1);
Insert into gefahrenvon (rennfahrerID,DATUM,PLATZ) values (58,str_to_date('08.09.13','%d.%m.%y'),1);
Insert into gefahrenvon (rennfahrerID,DATUM,PLATZ) values (58,str_to_date('22.09.13','%d.%m.%y'),1);
Insert into gefahrenvon (rennfahrerID,DATUM,PLATZ) values (58,str_to_date('06.10.13','%d.%m.%y'),1);
Insert into gefahrenvon (rennfahrerID,DATUM,PLATZ) values (58,str_to_date('13.10.13','%d.%m.%y'),1);
Insert into gefahrenvon (rennfahrerID,DATUM,PLATZ) values (58,str_to_date('27.10.13','%d.%m.%y'),1);
Insert into gefahrenvon (rennfahrerID,DATUM,PLATZ) values (58,str_to_date('03.11.13','%d.%m.%y'),1);
Insert into gefahrenvon (rennfahrerID,DATUM,PLATZ) values (58,str_to_date('17.11.13','%d.%m.%y'),1);
Insert into gefahrenvon (rennfahrerID,DATUM,PLATZ) values (58,str_to_date('24.11.13','%d.%m.%y'),1);
Insert into gefahrenvon (rennfahrerID,DATUM,PLATZ) values (58,str_to_date('16.03.14','%d.%m.%y'),null);
Insert into gefahrenvon (rennfahrerID,DATUM,PLATZ) values (58,str_to_date('30.03.14','%d.%m.%y'),3);
Insert into gefahrenvon (rennfahrerID,DATUM,PLATZ) values (58,str_to_date('06.04.14','%d.%m.%y'),6);
Insert into gefahrenvon (rennfahrerID,DATUM,PLATZ) values (58,str_to_date('20.04.14','%d.%m.%y'),5);
Insert into gefahrenvon (rennfahrerID,DATUM,PLATZ) values (58,str_to_date('11.05.14','%d.%m.%y'),4);
Insert into gefahrenvon (rennfahrerID,DATUM,PLATZ) values (58,str_to_date('25.05.14','%d.%m.%y'),null);
Insert into gefahrenvon (rennfahrerID,DATUM,PLATZ) values (58,str_to_date('08.06.14','%d.%m.%y'),3);
Insert into gefahrenvon (rennfahrerID,DATUM,PLATZ) values (58,str_to_date('22.06.14','%d.%m.%y'),null);
Insert into gefahrenvon (rennfahrerID,DATUM,PLATZ) values (58,str_to_date('06.07.14','%d.%m.%y'),5);
Insert into gefahrenvon (rennfahrerID,DATUM,PLATZ) values (58,str_to_date('20.07.14','%d.%m.%y'),4);
Insert into gefahrenvon (rennfahrerID,DATUM,PLATZ) values (58,str_to_date('27.07.14','%d.%m.%y'),7);
Insert into gefahrenvon (rennfahrerID,DATUM,PLATZ) values (58,str_to_date('24.08.14','%d.%m.%y'),5);
Insert into gefahrenvon (rennfahrerID,DATUM,PLATZ) values (63,str_to_date('17.11.13','%d.%m.%y'),14);
Insert into gefahrenvon (rennfahrerID,DATUM,PLATZ) values (63,str_to_date('24.11.13','%d.%m.%y'),14);
Insert into gefahrenvon (rennfahrerID,DATUM,PLATZ) values (75,str_to_date('17.03.13','%d.%m.%y'),null);
Insert into gefahrenvon (rennfahrerID,DATUM,PLATZ) values (75,str_to_date('24.03.13','%d.%m.%y'),4);
Insert into gefahrenvon (rennfahrerID,DATUM,PLATZ) values (75,str_to_date('14.04.13','%d.%m.%y'),null);
Insert into gefahrenvon (rennfahrerID,DATUM,PLATZ) values (75,str_to_date('21.04.13','%d.%m.%y'),9);
Insert into gefahrenvon (rennfahrerID,DATUM,PLATZ) values (75,str_to_date('12.05.13','%d.%m.%y'),6);
Insert into gefahrenvon (rennfahrerID,DATUM,PLATZ) values (75,str_to_date('26.05.13','%d.%m.%y'),1);
Insert into gefahrenvon (rennfahrerID,DATUM,PLATZ) values (75,str_to_date('09.06.13','%d.%m.%y'),5);
Insert into gefahrenvon (rennfahrerID,DATUM,PLATZ) values (75,str_to_date('30.06.13','%d.%m.%y'),1);
Insert into gefahrenvon (rennfahrerID,DATUM,PLATZ) values (75,str_to_date('07.07.13','%d.%m.%y'),9);
Insert into gefahrenvon (rennfahrerID,DATUM,PLATZ) values (75,str_to_date('28.07.13','%d.%m.%y'),19);
Insert into gefahrenvon (rennfahrerID,DATUM,PLATZ) values (75,str_to_date('25.08.13','%d.%m.%y'),4);
Insert into gefahrenvon (rennfahrerID,DATUM,PLATZ) values (75,str_to_date('08.09.13','%d.%m.%y'),6);
Insert into gefahrenvon (rennfahrerID,DATUM,PLATZ) values (75,str_to_date('22.09.13','%d.%m.%y'),4);
Insert into gefahrenvon (rennfahrerID,DATUM,PLATZ) values (75,str_to_date('06.10.13','%d.%m.%y'),7);
Insert into gefahrenvon (rennfahrerID,DATUM,PLATZ) values (75,str_to_date('13.10.13','%d.%m.%y'),8);
Insert into gefahrenvon (rennfahrerID,DATUM,PLATZ) values (75,str_to_date('27.10.13','%d.%m.%y'),2);
Insert into gefahrenvon (rennfahrerID,DATUM,PLATZ) values (75,str_to_date('03.11.13','%d.%m.%y'),3);
Insert into gefahrenvon (rennfahrerID,DATUM,PLATZ) values (75,str_to_date('17.11.13','%d.%m.%y'),9);
Insert into gefahrenvon (rennfahrerID,DATUM,PLATZ) values (75,str_to_date('24.11.13','%d.%m.%y'),5);
Insert into gefahrenvon (rennfahrerID,DATUM,PLATZ) values (75,str_to_date('16.03.14','%d.%m.%y'),1);
Insert into gefahrenvon (rennfahrerID,DATUM,PLATZ) values (75,str_to_date('30.03.14','%d.%m.%y'),2);
Insert into gefahrenvon (rennfahrerID,DATUM,PLATZ) values (75,str_to_date('06.04.14','%d.%m.%y'),2);
Insert into gefahrenvon (rennfahrerID,DATUM,PLATZ) values (75,str_to_date('20.04.14','%d.%m.%y'),2);
Insert into gefahrenvon (rennfahrerID,DATUM,PLATZ) values (75,str_to_date('11.05.14','%d.%m.%y'),2);
Insert into gefahrenvon (rennfahrerID,DATUM,PLATZ) values (75,str_to_date('25.05.14','%d.%m.%y'),1);
Insert into gefahrenvon (rennfahrerID,DATUM,PLATZ) values (75,str_to_date('08.06.14','%d.%m.%y'),2);
Insert into gefahrenvon (rennfahrerID,DATUM,PLATZ) values (75,str_to_date('22.06.14','%d.%m.%y'),1);
Insert into gefahrenvon (rennfahrerID,DATUM,PLATZ) values (75,str_to_date('06.07.14','%d.%m.%y'),null);
Insert into gefahrenvon (rennfahrerID,DATUM,PLATZ) values (75,str_to_date('20.07.14','%d.%m.%y'),1);
Insert into gefahrenvon (rennfahrerID,DATUM,PLATZ) values (75,str_to_date('27.07.14','%d.%m.%y'),4);
Insert into gefahrenvon (rennfahrerID,DATUM,PLATZ) values (75,str_to_date('24.08.14','%d.%m.%y'),2);
Insert into gefahrenvon (rennfahrerID,DATUM,PLATZ) values (201,str_to_date('17.03.13','%d.%m.%y'),7);
Insert into gefahrenvon (rennfahrerID,DATUM,PLATZ) values (201,str_to_date('24.03.13','%d.%m.%y'),null);
Insert into gefahrenvon (rennfahrerID,DATUM,PLATZ) values (201,str_to_date('14.04.13','%d.%m.%y'),null);
Insert into gefahrenvon (rennfahrerID,DATUM,PLATZ) values (201,str_to_date('21.04.13','%d.%m.%y'),13);
Insert into gefahrenvon (rennfahrerID,DATUM,PLATZ) values (201,str_to_date('12.05.13','%d.%m.%y'),13);
Insert into gefahrenvon (rennfahrerID,DATUM,PLATZ) values (201,str_to_date('26.05.13','%d.%m.%y'),5);
Insert into gefahrenvon (rennfahrerID,DATUM,PLATZ) values (201,str_to_date('09.06.13','%d.%m.%y'),10);
Insert into gefahrenvon (rennfahrerID,DATUM,PLATZ) values (201,str_to_date('30.06.13','%d.%m.%y'),7);
Insert into gefahrenvon (rennfahrerID,DATUM,PLATZ) values (201,str_to_date('07.07.13','%d.%m.%y'),13);
Insert into gefahrenvon (rennfahrerID,DATUM,PLATZ) values (201,str_to_date('28.07.13','%d.%m.%y'),null);
Insert into gefahrenvon (rennfahrerID,DATUM,PLATZ) values (201,str_to_date('25.08.13','%d.%m.%y'),9);
Insert into gefahrenvon (rennfahrerID,DATUM,PLATZ) values (201,str_to_date('08.09.13','%d.%m.%y'),16);
Insert into gefahrenvon (rennfahrerID,DATUM,PLATZ) values (201,str_to_date('22.09.13','%d.%m.%y'),10);
Insert into gefahrenvon (rennfahrerID,DATUM,PLATZ) values (201,str_to_date('06.10.13','%d.%m.%y'),20);
Insert into gefahrenvon (rennfahrerID,DATUM,PLATZ) values (201,str_to_date('13.10.13','%d.%m.%y'),14);
Insert into gefahrenvon (rennfahrerID,DATUM,PLATZ) values (201,str_to_date('27.10.13','%d.%m.%y'),9);
Insert into gefahrenvon (rennfahrerID,DATUM,PLATZ) values (201,str_to_date('03.11.13','%d.%m.%y'),10);
Insert into gefahrenvon (rennfahrerID,DATUM,PLATZ) values (201,str_to_date('17.11.13','%d.%m.%y'),null);
Insert into gefahrenvon (rennfahrerID,DATUM,PLATZ) values (201,str_to_date('24.11.13','%d.%m.%y'),13);
Insert into gefahrenvon (rennfahrerID,DATUM,PLATZ) values (201,str_to_date('16.03.14','%d.%m.%y'),11);
Insert into gefahrenvon (rennfahrerID,DATUM,PLATZ) values (201,str_to_date('30.03.14','%d.%m.%y'),null);
Insert into gefahrenvon (rennfahrerID,DATUM,PLATZ) values (201,str_to_date('06.04.14','%d.%m.%y'),null);
Insert into gefahrenvon (rennfahrerID,DATUM,PLATZ) values (201,str_to_date('20.04.14','%d.%m.%y'),null);
Insert into gefahrenvon (rennfahrerID,DATUM,PLATZ) values (201,str_to_date('11.05.14','%d.%m.%y'),17);
Insert into gefahrenvon (rennfahrerID,DATUM,PLATZ) values (201,str_to_date('25.05.14','%d.%m.%y'),null);
Insert into gefahrenvon (rennfahrerID,DATUM,PLATZ) values (201,str_to_date('08.06.14','%d.%m.%y'),13);
Insert into gefahrenvon (rennfahrerID,DATUM,PLATZ) values (201,str_to_date('22.06.14','%d.%m.%y'),13);
Insert into gefahrenvon (rennfahrerID,DATUM,PLATZ) values (201,str_to_date('06.07.14','%d.%m.%y'),13);
Insert into gefahrenvon (rennfahrerID,DATUM,PLATZ) values (201,str_to_date('20.07.14','%d.%m.%y'),null);
Insert into gefahrenvon (rennfahrerID,DATUM,PLATZ) values (201,str_to_date('27.07.14','%d.%m.%y'),11);
Insert into gefahrenvon (rennfahrerID,DATUM,PLATZ) values (201,str_to_date('24.08.14','%d.%m.%y'),14);
Insert into gefahrenvon (rennfahrerID,DATUM,PLATZ) values (260,str_to_date('16.03.14','%d.%m.%y'),null);
Insert into gefahrenvon (rennfahrerID,DATUM,PLATZ) values (260,str_to_date('30.03.14','%d.%m.%y'),13);
Insert into gefahrenvon (rennfahrerID,DATUM,PLATZ) values (260,str_to_date('06.04.14','%d.%m.%y'),15);
Insert into gefahrenvon (rennfahrerID,DATUM,PLATZ) values (260,str_to_date('20.04.14','%d.%m.%y'),18);
Insert into gefahrenvon (rennfahrerID,DATUM,PLATZ) values (260,str_to_date('11.05.14','%d.%m.%y'),null);
Insert into gefahrenvon (rennfahrerID,DATUM,PLATZ) values (260,str_to_date('25.05.14','%d.%m.%y'),13);
Insert into gefahrenvon (rennfahrerID,DATUM,PLATZ) values (260,str_to_date('08.06.14','%d.%m.%y'),null);
Insert into gefahrenvon (rennfahrerID,DATUM,PLATZ) values (260,str_to_date('22.06.14','%d.%m.%y'),16);
Insert into gefahrenvon (rennfahrerID,DATUM,PLATZ) values (260,str_to_date('06.07.14','%d.%m.%y'),15);
Insert into gefahrenvon (rennfahrerID,DATUM,PLATZ) values (260,str_to_date('20.07.14','%d.%m.%y'),16);
Insert into gefahrenvon (rennfahrerID,DATUM,PLATZ) values (260,str_to_date('27.07.14','%d.%m.%y'),null);
Insert into gefahrenvon (rennfahrerID,DATUM,PLATZ) values (585,str_to_date('17.03.13','%d.%m.%y'),10);
Insert into gefahrenvon (rennfahrerID,DATUM,PLATZ) values (585,str_to_date('24.03.13','%d.%m.%y'),6);
Insert into gefahrenvon (rennfahrerID,DATUM,PLATZ) values (585,str_to_date('14.04.13','%d.%m.%y'),9);
Insert into gefahrenvon (rennfahrerID,DATUM,PLATZ) values (585,str_to_date('21.04.13','%d.%m.%y'),3);
Insert into gefahrenvon (rennfahrerID,DATUM,PLATZ) values (585,str_to_date('12.05.13','%d.%m.%y'),null);
Insert into gefahrenvon (rennfahrerID,DATUM,PLATZ) values (585,str_to_date('26.05.13','%d.%m.%y'),null);
Insert into gefahrenvon (rennfahrerID,DATUM,PLATZ) values (585,str_to_date('09.06.13','%d.%m.%y'),13);
Insert into gefahrenvon (rennfahrerID,DATUM,PLATZ) values (585,str_to_date('30.06.13','%d.%m.%y'),19);
Insert into gefahrenvon (rennfahrerID,DATUM,PLATZ) values (585,str_to_date('07.07.13','%d.%m.%y'),3);
Insert into gefahrenvon (rennfahrerID,DATUM,PLATZ) values (585,str_to_date('28.07.13','%d.%m.%y'),6);
Insert into gefahrenvon (rennfahrerID,DATUM,PLATZ) values (585,str_to_date('25.08.13','%d.%m.%y'),8);
Insert into gefahrenvon (rennfahrerID,DATUM,PLATZ) values (585,str_to_date('08.09.13','%d.%m.%y'),8);
Insert into gefahrenvon (rennfahrerID,DATUM,PLATZ) values (585,str_to_date('22.09.13','%d.%m.%y'),null);
Insert into gefahrenvon (rennfahrerID,DATUM,PLATZ) values (585,str_to_date('06.10.13','%d.%m.%y'),3);
Insert into gefahrenvon (rennfahrerID,DATUM,PLATZ) values (585,str_to_date('13.10.13','%d.%m.%y'),3);
Insert into gefahrenvon (rennfahrerID,DATUM,PLATZ) values (585,str_to_date('27.10.13','%d.%m.%y'),3);
Insert into gefahrenvon (rennfahrerID,DATUM,PLATZ) values (585,str_to_date('03.11.13','%d.%m.%y'),4);
Insert into gefahrenvon (rennfahrerID,DATUM,PLATZ) values (585,str_to_date('17.11.13','%d.%m.%y'),2);
Insert into gefahrenvon (rennfahrerID,DATUM,PLATZ) values (585,str_to_date('24.11.13','%d.%m.%y'),null);
Insert into gefahrenvon (rennfahrerID,DATUM,PLATZ) values (585,str_to_date('16.03.14','%d.%m.%y'),null);
Insert into gefahrenvon (rennfahrerID,DATUM,PLATZ) values (585,str_to_date('30.03.14','%d.%m.%y'),11);
Insert into gefahrenvon (rennfahrerID,DATUM,PLATZ) values (585,str_to_date('06.04.14','%d.%m.%y'),12);
Insert into gefahrenvon (rennfahrerID,DATUM,PLATZ) values (585,str_to_date('20.04.14','%d.%m.%y'),null);
Insert into gefahrenvon (rennfahrerID,DATUM,PLATZ) values (585,str_to_date('11.05.14','%d.%m.%y'),8);
Insert into gefahrenvon (rennfahrerID,DATUM,PLATZ) values (585,str_to_date('25.05.14','%d.%m.%y'),8);
Insert into gefahrenvon (rennfahrerID,DATUM,PLATZ) values (585,str_to_date('08.06.14','%d.%m.%y'),null);
Insert into gefahrenvon (rennfahrerID,DATUM,PLATZ) values (585,str_to_date('22.06.14','%d.%m.%y'),14);
Insert into gefahrenvon (rennfahrerID,DATUM,PLATZ) values (585,str_to_date('06.07.14','%d.%m.%y'),12);
Insert into gefahrenvon (rennfahrerID,DATUM,PLATZ) values (585,str_to_date('20.07.14','%d.%m.%y'),null);
Insert into gefahrenvon (rennfahrerID,DATUM,PLATZ) values (585,str_to_date('27.07.14','%d.%m.%y'),null);
Insert into gefahrenvon (rennfahrerID,DATUM,PLATZ) values (585,str_to_date('24.08.14','%d.%m.%y'),null);
Insert into gefahrenvon (rennfahrerID,DATUM,PLATZ) values (586,str_to_date('17.03.13','%d.%m.%y'),null);
Insert into gefahrenvon (rennfahrerID,DATUM,PLATZ) values (586,str_to_date('24.03.13','%d.%m.%y'),18);
Insert into gefahrenvon (rennfahrerID,DATUM,PLATZ) values (586,str_to_date('14.04.13','%d.%m.%y'),7);
Insert into gefahrenvon (rennfahrerID,DATUM,PLATZ) values (586,str_to_date('21.04.13','%d.%m.%y'),16);
Insert into gefahrenvon (rennfahrerID,DATUM,PLATZ) values (586,str_to_date('12.05.13','%d.%m.%y'),10);
Insert into gefahrenvon (rennfahrerID,DATUM,PLATZ) values (586,str_to_date('26.05.13','%d.%m.%y'),null);
Insert into gefahrenvon (rennfahrerID,DATUM,PLATZ) values (586,str_to_date('09.06.13','%d.%m.%y'),15);
Insert into gefahrenvon (rennfahrerID,DATUM,PLATZ) values (586,str_to_date('30.06.13','%d.%m.%y'),8);
Insert into gefahrenvon (rennfahrerID,DATUM,PLATZ) values (586,str_to_date('07.07.13','%d.%m.%y'),12);
Insert into gefahrenvon (rennfahrerID,DATUM,PLATZ) values (586,str_to_date('28.07.13','%d.%m.%y'),13);
Insert into gefahrenvon (rennfahrerID,DATUM,PLATZ) values (586,str_to_date('25.08.13','%d.%m.%y'),10);
Insert into gefahrenvon (rennfahrerID,DATUM,PLATZ) values (586,str_to_date('08.09.13','%d.%m.%y'),7);
Insert into gefahrenvon (rennfahrerID,DATUM,PLATZ) values (586,str_to_date('22.09.13','%d.%m.%y'),null);
Insert into gefahrenvon (rennfahrerID,DATUM,PLATZ) values (586,str_to_date('06.10.13','%d.%m.%y'),19);
Insert into gefahrenvon (rennfahrerID,DATUM,PLATZ) values (586,str_to_date('13.10.13','%d.%m.%y'),13);
Insert into gefahrenvon (rennfahrerID,DATUM,PLATZ) values (586,str_to_date('27.10.13','%d.%m.%y'),10);
Insert into gefahrenvon (rennfahrerID,DATUM,PLATZ) values (586,str_to_date('03.11.13','%d.%m.%y'),16);
Insert into gefahrenvon (rennfahrerID,DATUM,PLATZ) values (586,str_to_date('17.11.13','%d.%m.%y'),11);
Insert into gefahrenvon (rennfahrerID,DATUM,PLATZ) values (586,str_to_date('24.11.13','%d.%m.%y'),10);
Insert into gefahrenvon (rennfahrerID,DATUM,PLATZ) values (586,str_to_date('16.03.14','%d.%m.%y'),null);
Insert into gefahrenvon (rennfahrerID,DATUM,PLATZ) values (586,str_to_date('30.03.14','%d.%m.%y'),null);
Insert into gefahrenvon (rennfahrerID,DATUM,PLATZ) values (586,str_to_date('06.04.14','%d.%m.%y'),4);
Insert into gefahrenvon (rennfahrerID,DATUM,PLATZ) values (586,str_to_date('20.04.14','%d.%m.%y'),4);
Insert into gefahrenvon (rennfahrerID,DATUM,PLATZ) values (586,str_to_date('11.05.14','%d.%m.%y'),3);
Insert into gefahrenvon (rennfahrerID,DATUM,PLATZ) values (586,str_to_date('25.05.14','%d.%m.%y'),3);
Insert into gefahrenvon (rennfahrerID,DATUM,PLATZ) values (586,str_to_date('08.06.14','%d.%m.%y'),1);
Insert into gefahrenvon (rennfahrerID,DATUM,PLATZ) values (586,str_to_date('22.06.14','%d.%m.%y'),8);
Insert into gefahrenvon (rennfahrerID,DATUM,PLATZ) values (586,str_to_date('06.07.14','%d.%m.%y'),3);
Insert into gefahrenvon (rennfahrerID,DATUM,PLATZ) values (586,str_to_date('20.07.14','%d.%m.%y'),6);
Insert into gefahrenvon (rennfahrerID,DATUM,PLATZ) values (586,str_to_date('27.07.14','%d.%m.%y'),1);
Insert into gefahrenvon (rennfahrerID,DATUM,PLATZ) values (586,str_to_date('24.08.14','%d.%m.%y'),1);
Insert into gefahrenvon (rennfahrerID,DATUM,PLATZ) values (587,str_to_date('17.03.13','%d.%m.%y'),null);
Insert into gefahrenvon (rennfahrerID,DATUM,PLATZ) values (587,str_to_date('24.03.13','%d.%m.%y'),8);
Insert into gefahrenvon (rennfahrerID,DATUM,PLATZ) values (587,str_to_date('14.04.13','%d.%m.%y'),10);
Insert into gefahrenvon (rennfahrerID,DATUM,PLATZ) values (587,str_to_date('21.04.13','%d.%m.%y'),12);
Insert into gefahrenvon (rennfahrerID,DATUM,PLATZ) values (587,str_to_date('12.05.13','%d.%m.%y'),15);
Insert into gefahrenvon (rennfahrerID,DATUM,PLATZ) values (587,str_to_date('26.05.13','%d.%m.%y'),11);
Insert into gefahrenvon (rennfahrerID,DATUM,PLATZ) values (587,str_to_date('09.06.13','%d.%m.%y'),null);
Insert into gefahrenvon (rennfahrerID,DATUM,PLATZ) values (587,str_to_date('30.06.13','%d.%m.%y'),10);
Insert into gefahrenvon (rennfahrerID,DATUM,PLATZ) values (587,str_to_date('07.07.13','%d.%m.%y'),10);
Insert into gefahrenvon (rennfahrerID,DATUM,PLATZ) values (27,str_to_date('21.09.14','%d.%m.%y'),1);
Insert into gefahrenvon (rennfahrerID,DATUM,PLATZ) values (75,str_to_date('21.09.14','%d.%m.%y'),null);
Insert into gefahrenvon (rennfahrerID,DATUM,PLATZ) values (586,str_to_date('21.09.14','%d.%m.%y'),3);
Insert into gefahrenvon (rennfahrerID,DATUM,PLATZ) values (601,str_to_date('21.09.14','%d.%m.%y'),11);
Insert into gefahrenvon (rennfahrerID,DATUM,PLATZ) values (58,str_to_date('21.09.14','%d.%m.%y'),2);
Insert into gefahrenvon (rennfahrerID,DATUM,PLATZ) values (6,str_to_date('21.09.14','%d.%m.%y'),4);
Insert into gefahrenvon (rennfahrerID,DATUM,PLATZ) values (17,str_to_date('21.09.14','%d.%m.%y'),5);
Insert into gefahrenvon (rennfahrerID,DATUM,PLATZ) values (16,str_to_date('21.09.14','%d.%m.%y'),null);
Insert into gefahrenvon (rennfahrerID,DATUM,PLATZ) values (587,str_to_date('21.09.14','%d.%m.%y'),9);
Insert into gefahrenvon (rennfahrerID,DATUM,PLATZ) values (598,str_to_date('21.09.14','%d.%m.%y'),7);
Insert into gefahrenvon (rennfahrerID,DATUM,PLATZ) values (605,str_to_date('21.09.14','%d.%m.%y'),10);
Insert into gefahrenvon (rennfahrerID,DATUM,PLATZ) values (5,str_to_date('21.09.14','%d.%m.%y'),8);
Insert into gefahrenvon (rennfahrerID,DATUM,PLATZ) values (597,str_to_date('21.09.14','%d.%m.%y'),6);
Insert into gefahrenvon (rennfahrerID,DATUM,PLATZ) values (585,str_to_date('21.09.14','%d.%m.%y'),13);
Insert into gefahrenvon (rennfahrerID,DATUM,PLATZ) values (606,str_to_date('21.09.14','%d.%m.%y'),14);
Insert into gefahrenvon (rennfahrerID,DATUM,PLATZ) values (593,str_to_date('21.09.14','%d.%m.%y'),12);
Insert into gefahrenvon (rennfahrerID,DATUM,PLATZ) values (603,str_to_date('21.09.14','%d.%m.%y'),16);
Insert into gefahrenvon (rennfahrerID,DATUM,PLATZ) values (201,str_to_date('21.09.14','%d.%m.%y'),null);
Insert into gefahrenvon (rennfahrerID,DATUM,PLATZ) values (607,str_to_date('21.09.14','%d.%m.%y'),15);
Insert into gefahrenvon (rennfahrerID,DATUM,PLATZ) values (600,str_to_date('21.09.14','%d.%m.%y'),null);
Insert into gefahrenvon (rennfahrerID,DATUM,PLATZ) values (604,str_to_date('21.09.14','%d.%m.%y'),17);
Insert into gefahrenvon (rennfahrerID,DATUM,PLATZ) values (260,str_to_date('21.09.14','%d.%m.%y'),null);
Insert into gefahrenvon (rennfahrerID,DATUM,PLATZ) values (27,str_to_date('05.10.14','%d.%m.%y'),1);
Insert into gefahrenvon (rennfahrerID,DATUM,PLATZ) values (75,str_to_date('05.10.14','%d.%m.%y'),2);
Insert into gefahrenvon (rennfahrerID,DATUM,PLATZ) values (586,str_to_date('05.10.14','%d.%m.%y'),4);
Insert into gefahrenvon (rennfahrerID,DATUM,PLATZ) values (601,str_to_date('05.10.14','%d.%m.%y'),6);
Insert into gefahrenvon (rennfahrerID,DATUM,PLATZ) values (58,str_to_date('05.10.14','%d.%m.%y'),3);
Insert into gefahrenvon (rennfahrerID,DATUM,PLATZ) values (6,str_to_date('05.10.14','%d.%m.%y'),null);
Insert into gefahrenvon (rennfahrerID,DATUM,PLATZ) values (17,str_to_date('05.10.14','%d.%m.%y'),7);
Insert into gefahrenvon (rennfahrerID,DATUM,PLATZ) values (16,str_to_date('05.10.14','%d.%m.%y'),5);
Insert into gefahrenvon (rennfahrerID,DATUM,PLATZ) values (587,str_to_date('05.10.14','%d.%m.%y'),8);
Insert into gefahrenvon (rennfahrerID,DATUM,PLATZ) values (598,str_to_date('05.10.14','%d.%m.%y'),10);
Insert into gefahrenvon (rennfahrerID,DATUM,PLATZ) values (605,str_to_date('05.10.14','%d.%m.%y'),14);
Insert into gefahrenvon (rennfahrerID,DATUM,PLATZ) values (5,str_to_date('05.10.14','%d.%m.%y'),12);
Insert into gefahrenvon (rennfahrerID,DATUM,PLATZ) values (597,str_to_date('05.10.14','%d.%m.%y'),9);
Insert into gefahrenvon (rennfahrerID,DATUM,PLATZ) values (585,str_to_date('05.10.14','%d.%m.%y'),15);
Insert into gefahrenvon (rennfahrerID,DATUM,PLATZ) values (606,str_to_date('05.10.14','%d.%m.%y'),11);
Insert into gefahrenvon (rennfahrerID,DATUM,PLATZ) values (593,str_to_date('05.10.14','%d.%m.%y'),16);
Insert into gefahrenvon (rennfahrerID,DATUM,PLATZ) values (603,str_to_date('05.10.14','%d.%m.%y'),20);
Insert into gefahrenvon (rennfahrerID,DATUM,PLATZ) values (201,str_to_date('05.10.14','%d.%m.%y'),21);
Insert into gefahrenvon (rennfahrerID,DATUM,PLATZ) values (607,str_to_date('05.10.14','%d.%m.%y'),17);
Insert into gefahrenvon (rennfahrerID,DATUM,PLATZ) values (600,str_to_date('05.10.14','%d.%m.%y'),13);
Insert into gefahrenvon (rennfahrerID,DATUM,PLATZ) values (604,str_to_date('05.10.14','%d.%m.%y'),18);
Insert into gefahrenvon (rennfahrerID,DATUM,PLATZ) values (260,str_to_date('05.10.14','%d.%m.%y'),19);
Insert into gefahrenvon (rennfahrerID,DATUM,PLATZ) values (27,str_to_date('12.10.14','%d.%m.%y'),1);
Insert into gefahrenvon (rennfahrerID,DATUM,PLATZ) values (75,str_to_date('12.10.14','%d.%m.%y'),2);
Insert into gefahrenvon (rennfahrerID,DATUM,PLATZ) values (586,str_to_date('12.10.14','%d.%m.%y'),7);
Insert into gefahrenvon (rennfahrerID,DATUM,PLATZ) values (601,str_to_date('12.10.14','%d.%m.%y'),3);
Insert into gefahrenvon (rennfahrerID,DATUM,PLATZ) values (58,str_to_date('12.10.14','%d.%m.%y'),8);
Insert into gefahrenvon (rennfahrerID,DATUM,PLATZ) values (6,str_to_date('12.10.14','%d.%m.%y'),6);
Insert into gefahrenvon (rennfahrerID,DATUM,PLATZ) values (17,str_to_date('12.10.14','%d.%m.%y'),11);
Insert into gefahrenvon (rennfahrerID,DATUM,PLATZ) values (16,str_to_date('12.10.14','%d.%m.%y'),4);
Insert into gefahrenvon (rennfahrerID,DATUM,PLATZ) values (587,str_to_date('12.10.14','%d.%m.%y'),12);
Insert into gefahrenvon (rennfahrerID,DATUM,PLATZ) values (598,str_to_date('12.10.14','%d.%m.%y'),10);
Insert into gefahrenvon (rennfahrerID,DATUM,PLATZ) values (605,str_to_date('12.10.14','%d.%m.%y'),5);
Insert into gefahrenvon (rennfahrerID,DATUM,PLATZ) values (5,str_to_date('12.10.14','%d.%m.%y'),9);
Insert into gefahrenvon (rennfahrerID,DATUM,PLATZ) values (597,str_to_date('12.10.14','%d.%m.%y'),13);
Insert into gefahrenvon (rennfahrerID,DATUM,PLATZ) values (585,str_to_date('12.10.14','%d.%m.%y'),17);
Insert into gefahrenvon (rennfahrerID,DATUM,PLATZ) values (606,str_to_date('12.10.14','%d.%m.%y'),14);
Insert into gefahrenvon (rennfahrerID,DATUM,PLATZ) values (593,str_to_date('12.10.14','%d.%m.%y'),18);
Insert into gefahrenvon (rennfahrerID,DATUM,PLATZ) values (201,str_to_date('12.10.14','%d.%m.%y'),16);
Insert into gefahrenvon (rennfahrerID,DATUM,PLATZ) values (607,str_to_date('12.10.14','%d.%m.%y'),19);
Insert into gefahrenvon (rennfahrerID,DATUM,PLATZ) values (600,str_to_date('12.10.14','%d.%m.%y'),15);
Insert into gefahrenvon (rennfahrerID,DATUM,PLATZ) values (604,str_to_date('12.10.14','%d.%m.%y'),null);
Insert into gefahrenvon (rennfahrerID,DATUM,PLATZ) values (260,str_to_date('12.10.14','%d.%m.%y'),null);
Insert into gefahrenvon (rennfahrerID,DATUM,PLATZ) values (27,str_to_date('02.11.14','%d.%m.%y'),1);
Insert into gefahrenvon (rennfahrerID,DATUM,PLATZ) values (75,str_to_date('02.11.14','%d.%m.%y'),2);
Insert into gefahrenvon (rennfahrerID,DATUM,PLATZ) values (586,str_to_date('02.11.14','%d.%m.%y'),3);
Insert into gefahrenvon (rennfahrerID,DATUM,PLATZ) values (601,str_to_date('02.11.14','%d.%m.%y'),5);
Insert into gefahrenvon (rennfahrerID,DATUM,PLATZ) values (58,str_to_date('02.11.14','%d.%m.%y'),7);
Insert into gefahrenvon (rennfahrerID,DATUM,PLATZ) values (6,str_to_date('02.11.14','%d.%m.%y'),6);
Insert into gefahrenvon (rennfahrerID,DATUM,PLATZ) values (17,str_to_date('02.11.14','%d.%m.%y'),4);
Insert into gefahrenvon (rennfahrerID,DATUM,PLATZ) values (16,str_to_date('02.11.14','%d.%m.%y'),12);
Insert into gefahrenvon (rennfahrerID,DATUM,PLATZ) values (587,str_to_date('02.11.14','%d.%m.%y'),null);
Insert into gefahrenvon (rennfahrerID,DATUM,PLATZ) values (598,str_to_date('02.11.14','%d.%m.%y'),null);
Insert into gefahrenvon (rennfahrerID,DATUM,PLATZ) values (605,str_to_date('02.11.14','%d.%m.%y'),8);
Insert into gefahrenvon (rennfahrerID,DATUM,PLATZ) values (5,str_to_date('02.11.14','%d.%m.%y'),13);
Insert into gefahrenvon (rennfahrerID,DATUM,PLATZ) values (597,str_to_date('02.11.14','%d.%m.%y'),10);
Insert into gefahrenvon (rennfahrerID,DATUM,PLATZ) values (585,str_to_date('02.11.14','%d.%m.%y'),11);
Insert into gefahrenvon (rennfahrerID,DATUM,PLATZ) values (606,str_to_date('02.11.14','%d.%m.%y'),15);
Insert into gefahrenvon (rennfahrerID,DATUM,PLATZ) values (593,str_to_date('02.11.14','%d.%m.%y'),9);
Insert into gefahrenvon (rennfahrerID,DATUM,PLATZ) values (201,str_to_date('02.11.14','%d.%m.%y'),null);
Insert into gefahrenvon (rennfahrerID,DATUM,PLATZ) values (600,str_to_date('02.11.14','%d.%m.%y'),14);
Insert into gefahrenvon (rennfahrerID,DATUM,PLATZ) values (27,str_to_date('09.11.14','%d.%m.%y'),2);
Insert into gefahrenvon (rennfahrerID,DATUM,PLATZ) values (75,str_to_date('09.11.14','%d.%m.%y'),1);
Insert into gefahrenvon (rennfahrerID,DATUM,PLATZ) values (586,str_to_date('09.11.14','%d.%m.%y'),null);
Insert into gefahrenvon (rennfahrerID,DATUM,PLATZ) values (601,str_to_date('09.11.14','%d.%m.%y'),10);
Insert into gefahrenvon (rennfahrerID,DATUM,PLATZ) values (58,str_to_date('09.11.14','%d.%m.%y'),5);
Insert into gefahrenvon (rennfahrerID,DATUM,PLATZ) values (6,str_to_date('09.11.14','%d.%m.%y'),6);
Insert into gefahrenvon (rennfahrerID,DATUM,PLATZ) values (17,str_to_date('09.11.14','%d.%m.%y'),3);
Insert into gefahrenvon (rennfahrerID,DATUM,PLATZ) values (16,str_to_date('09.11.14','%d.%m.%y'),4);
Insert into gefahrenvon (rennfahrerID,DATUM,PLATZ) values (587,str_to_date('09.11.14','%d.%m.%y'),8);
Insert into gefahrenvon (rennfahrerID,DATUM,PLATZ) values (598,str_to_date('09.11.14','%d.%m.%y'),15);
Insert into gefahrenvon (rennfahrerID,DATUM,PLATZ) values (605,str_to_date('09.11.14','%d.%m.%y'),9);
Insert into gefahrenvon (rennfahrerID,DATUM,PLATZ) values (5,str_to_date('09.11.14','%d.%m.%y'),7);
Insert into gefahrenvon (rennfahrerID,DATUM,PLATZ) values (597,str_to_date('09.11.14','%d.%m.%y'),13);
Insert into gefahrenvon (rennfahrerID,DATUM,PLATZ) values (585,str_to_date('09.11.14','%d.%m.%y'),17);
Insert into gefahrenvon (rennfahrerID,DATUM,PLATZ) values (606,str_to_date('09.11.14','%d.%m.%y'),11);
Insert into gefahrenvon (rennfahrerID,DATUM,PLATZ) values (593,str_to_date('09.11.14','%d.%m.%y'),12);
Insert into gefahrenvon (rennfahrerID,DATUM,PLATZ) values (201,str_to_date('09.11.14','%d.%m.%y'),16);
Insert into gefahrenvon (rennfahrerID,DATUM,PLATZ) values (600,str_to_date('09.11.14','%d.%m.%y'),14);
Insert into gefahrenvon (rennfahrerID,DATUM,PLATZ) values (27,str_to_date('23.11.14','%d.%m.%y'),1);
Insert into gefahrenvon (rennfahrerID,DATUM,PLATZ) values (75,str_to_date('23.11.14','%d.%m.%y'),14);
Insert into gefahrenvon (rennfahrerID,DATUM,PLATZ) values (586,str_to_date('23.11.14','%d.%m.%y'),4);
Insert into gefahrenvon (rennfahrerID,DATUM,PLATZ) values (601,str_to_date('23.11.14','%d.%m.%y'),3);
Insert into gefahrenvon (rennfahrerID,DATUM,PLATZ) values (58,str_to_date('23.11.14','%d.%m.%y'),8);
Insert into gefahrenvon (rennfahrerID,DATUM,PLATZ) values (6,str_to_date('23.11.14','%d.%m.%y'),9);
Insert into gefahrenvon (rennfahrerID,DATUM,PLATZ) values (17,str_to_date('23.11.14','%d.%m.%y'),2);
Insert into gefahrenvon (rennfahrerID,DATUM,PLATZ) values (16,str_to_date('23.11.14','%d.%m.%y'),5);
Insert into gefahrenvon (rennfahrerID,DATUM,PLATZ) values (587,str_to_date('23.11.14','%d.%m.%y'),6);
Insert into gefahrenvon (rennfahrerID,DATUM,PLATZ) values (598,str_to_date('23.11.14','%d.%m.%y'),7);
Insert into gefahrenvon (rennfahrerID,DATUM,PLATZ) values (605,str_to_date('23.11.14','%d.%m.%y'),11);
Insert into gefahrenvon (rennfahrerID,DATUM,PLATZ) values (5,str_to_date('23.11.14','%d.%m.%y'),10);
Insert into gefahrenvon (rennfahrerID,DATUM,PLATZ) values (597,str_to_date('23.11.14','%d.%m.%y'),12);
Insert into gefahrenvon (rennfahrerID,DATUM,PLATZ) values (585,str_to_date('23.11.14','%d.%m.%y'),13);
Insert into gefahrenvon (rennfahrerID,DATUM,PLATZ) values (606,str_to_date('23.11.14','%d.%m.%y'),null);
Insert into gefahrenvon (rennfahrerID,DATUM,PLATZ) values (593,str_to_date('23.11.14','%d.%m.%y'),null);
Insert into gefahrenvon (rennfahrerID,DATUM,PLATZ) values (201,str_to_date('23.11.14','%d.%m.%y'),16);
Insert into gefahrenvon (rennfahrerID,DATUM,PLATZ) values (600,str_to_date('23.11.14','%d.%m.%y'),15);
Insert into gefahrenvon (rennfahrerID,DATUM,PLATZ) values (260,str_to_date('23.11.14','%d.%m.%y'),null);
Insert into gefahrenvon (rennfahrerID,DATUM,PLATZ) values (609,str_to_date('23.11.14','%d.%m.%y'),17);
Insert into gefahrenvon (rennfahrerID,DATUM,PLATZ) values (587,str_to_date('28.07.13','%d.%m.%y'),11);
Insert into gefahrenvon (rennfahrerID,DATUM,PLATZ) values (587,str_to_date('25.08.13','%d.%m.%y'),13);
Insert into gefahrenvon (rennfahrerID,DATUM,PLATZ) values (587,str_to_date('08.09.13','%d.%m.%y'),5);
Insert into gefahrenvon (rennfahrerID,DATUM,PLATZ) values (587,str_to_date('22.09.13','%d.%m.%y'),9);
Insert into gefahrenvon (rennfahrerID,DATUM,PLATZ) values (587,str_to_date('06.10.13','%d.%m.%y'),4);
Insert into gefahrenvon (rennfahrerID,DATUM,PLATZ) values (587,str_to_date('13.10.13','%d.%m.%y'),6);
Insert into gefahrenvon (rennfahrerID,DATUM,PLATZ) values (587,str_to_date('27.10.13','%d.%m.%y'),19);
Insert into gefahrenvon (rennfahrerID,DATUM,PLATZ) values (587,str_to_date('03.11.13','%d.%m.%y'),14);
Insert into gefahrenvon (rennfahrerID,DATUM,PLATZ) values (587,str_to_date('17.11.13','%d.%m.%y'),6);
Insert into gefahrenvon (rennfahrerID,DATUM,PLATZ) values (587,str_to_date('24.11.13','%d.%m.%y'),8);
Insert into gefahrenvon (rennfahrerID,DATUM,PLATZ) values (587,str_to_date('16.03.14','%d.%m.%y'),6);
Insert into gefahrenvon (rennfahrerID,DATUM,PLATZ) values (587,str_to_date('30.03.14','%d.%m.%y'),5);
Insert into gefahrenvon (rennfahrerID,DATUM,PLATZ) values (587,str_to_date('06.04.14','%d.%m.%y'),5);
Insert into gefahrenvon (rennfahrerID,DATUM,PLATZ) values (587,str_to_date('20.04.14','%d.%m.%y'),6);
Insert into gefahrenvon (rennfahrerID,DATUM,PLATZ) values (587,str_to_date('11.05.14','%d.%m.%y'),10);
Insert into gefahrenvon (rennfahrerID,DATUM,PLATZ) values (587,str_to_date('25.05.14','%d.%m.%y'),5);
Insert into gefahrenvon (rennfahrerID,DATUM,PLATZ) values (587,str_to_date('08.06.14','%d.%m.%y'),5);
Insert into gefahrenvon (rennfahrerID,DATUM,PLATZ) values (587,str_to_date('22.06.14','%d.%m.%y'),9);
Insert into gefahrenvon (rennfahrerID,DATUM,PLATZ) values (587,str_to_date('06.07.14','%d.%m.%y'),8);
Insert into gefahrenvon (rennfahrerID,DATUM,PLATZ) values (587,str_to_date('20.07.14','%d.%m.%y'),7);
Insert into gefahrenvon (rennfahrerID,DATUM,PLATZ) values (587,str_to_date('27.07.14','%d.%m.%y'),null);
Insert into gefahrenvon (rennfahrerID,DATUM,PLATZ) values (587,str_to_date('24.08.14','%d.%m.%y'),10);
Insert into gefahrenvon (rennfahrerID,DATUM,PLATZ) values (593,str_to_date('17.03.13','%d.%m.%y'),null);
Insert into gefahrenvon (rennfahrerID,DATUM,PLATZ) values (593,str_to_date('24.03.13','%d.%m.%y'),null);
Insert into gefahrenvon (rennfahrerID,DATUM,PLATZ) values (593,str_to_date('14.04.13','%d.%m.%y'),14);
Insert into gefahrenvon (rennfahrerID,DATUM,PLATZ) values (593,str_to_date('21.04.13','%d.%m.%y'),11);
Insert into gefahrenvon (rennfahrerID,DATUM,PLATZ) values (593,str_to_date('12.05.13','%d.%m.%y'),14);
Insert into gefahrenvon (rennfahrerID,DATUM,PLATZ) values (593,str_to_date('26.05.13','%d.%m.%y'),null);
Insert into gefahrenvon (rennfahrerID,DATUM,PLATZ) values (593,str_to_date('09.06.13','%d.%m.%y'),16);
Insert into gefahrenvon (rennfahrerID,DATUM,PLATZ) values (593,str_to_date('30.06.13','%d.%m.%y'),11);
Insert into gefahrenvon (rennfahrerID,DATUM,PLATZ) values (593,str_to_date('07.07.13','%d.%m.%y'),15);
Insert into gefahrenvon (rennfahrerID,DATUM,PLATZ) values (593,str_to_date('28.07.13','%d.%m.%y'),10);
Insert into gefahrenvon (rennfahrerID,DATUM,PLATZ) values (593,str_to_date('25.08.13','%d.%m.%y'),17);
Insert into gefahrenvon (rennfahrerID,DATUM,PLATZ) values (593,str_to_date('08.09.13','%d.%m.%y'),14);
Insert into gefahrenvon (rennfahrerID,DATUM,PLATZ) values (593,str_to_date('22.09.13','%d.%m.%y'),11);
Insert into gefahrenvon (rennfahrerID,DATUM,PLATZ) values (593,str_to_date('06.10.13','%d.%m.%y'),13);
Insert into gefahrenvon (rennfahrerID,DATUM,PLATZ) values (593,str_to_date('13.10.13','%d.%m.%y'),16);
Insert into gefahrenvon (rennfahrerID,DATUM,PLATZ) values (593,str_to_date('27.10.13','%d.%m.%y'),12);
Insert into gefahrenvon (rennfahrerID,DATUM,PLATZ) values (593,str_to_date('03.11.13','%d.%m.%y'),11);
Insert into gefahrenvon (rennfahrerID,DATUM,PLATZ) values (593,str_to_date('17.11.13','%d.%m.%y'),17);
Insert into gefahrenvon (rennfahrerID,DATUM,PLATZ) values (593,str_to_date('24.11.13','%d.%m.%y'),16);
Insert into gefahrenvon (rennfahrerID,DATUM,PLATZ) values (593,str_to_date('16.03.14','%d.%m.%y'),null);
Insert into gefahrenvon (rennfahrerID,DATUM,PLATZ) values (593,str_to_date('30.03.14','%d.%m.%y'),null);
Insert into gefahrenvon (rennfahrerID,DATUM,PLATZ) values (593,str_to_date('06.04.14','%d.%m.%y'),14);
Insert into gefahrenvon (rennfahrerID,DATUM,PLATZ) values (593,str_to_date('20.04.14','%d.%m.%y'),14);
Insert into gefahrenvon (rennfahrerID,DATUM,PLATZ) values (593,str_to_date('11.05.14','%d.%m.%y'),15);
Insert into gefahrenvon (rennfahrerID,DATUM,PLATZ) values (593,str_to_date('25.05.14','%d.%m.%y'),null);
Insert into gefahrenvon (rennfahrerID,DATUM,PLATZ) values (593,str_to_date('08.06.14','%d.%m.%y'),null);
Insert into gefahrenvon (rennfahrerID,DATUM,PLATZ) values (593,str_to_date('22.06.14','%d.%m.%y'),12);
Insert into gefahrenvon (rennfahrerID,DATUM,PLATZ) values (593,str_to_date('06.07.14','%d.%m.%y'),17);
Insert into gefahrenvon (rennfahrerID,DATUM,PLATZ) values (593,str_to_date('20.07.14','%d.%m.%y'),12);
Insert into gefahrenvon (rennfahrerID,DATUM,PLATZ) values (593,str_to_date('27.07.14','%d.%m.%y'),13);
Insert into gefahrenvon (rennfahrerID,DATUM,PLATZ) values (593,str_to_date('24.08.14','%d.%m.%y'),null);
Insert into gefahrenvon (rennfahrerID,DATUM,PLATZ) values (594,str_to_date('17.03.13','%d.%m.%y'),8);
Insert into gefahrenvon (rennfahrerID,DATUM,PLATZ) values (594,str_to_date('24.03.13','%d.%m.%y'),null);
Insert into gefahrenvon (rennfahrerID,DATUM,PLATZ) values (594,str_to_date('14.04.13','%d.%m.%y'),8);
Insert into gefahrenvon (rennfahrerID,DATUM,PLATZ) values (594,str_to_date('21.04.13','%d.%m.%y'),4);
Insert into gefahrenvon (rennfahrerID,DATUM,PLATZ) values (594,str_to_date('12.05.13','%d.%m.%y'),7);
Insert into gefahrenvon (rennfahrerID,DATUM,PLATZ) values (594,str_to_date('26.05.13','%d.%m.%y'),9);
Insert into gefahrenvon (rennfahrerID,DATUM,PLATZ) values (594,str_to_date('09.06.13','%d.%m.%y'),7);
Insert into gefahrenvon (rennfahrerID,DATUM,PLATZ) values (594,str_to_date('30.06.13','%d.%m.%y'),9);
Insert into gefahrenvon (rennfahrerID,DATUM,PLATZ) values (594,str_to_date('07.07.13','%d.%m.%y'),11);
Insert into gefahrenvon (rennfahrerID,DATUM,PLATZ) values (594,str_to_date('28.07.13','%d.%m.%y'),18);
Insert into gefahrenvon (rennfahrerID,DATUM,PLATZ) values (594,str_to_date('25.08.13','%d.%m.%y'),null);
Insert into gefahrenvon (rennfahrerID,DATUM,PLATZ) values (594,str_to_date('08.09.13','%d.%m.%y'),null);
Insert into gefahrenvon (rennfahrerID,DATUM,PLATZ) values (594,str_to_date('22.09.13','%d.%m.%y'),20);
Insert into gefahrenvon (rennfahrerID,DATUM,PLATZ) values (594,str_to_date('06.10.13','%d.%m.%y'),null);
Insert into gefahrenvon (rennfahrerID,DATUM,PLATZ) values (594,str_to_date('13.10.13','%d.%m.%y'),11);
Insert into gefahrenvon (rennfahrerID,DATUM,PLATZ) values (594,str_to_date('27.10.13','%d.%m.%y'),8);
Insert into gefahrenvon (rennfahrerID,DATUM,PLATZ) values (594,str_to_date('03.11.13','%d.%m.%y'),6);
Insert into gefahrenvon (rennfahrerID,DATUM,PLATZ) values (594,str_to_date('17.11.13','%d.%m.%y'),15);
Insert into gefahrenvon (rennfahrerID,DATUM,PLATZ) values (594,str_to_date('24.11.13','%d.%m.%y'),11);
Insert into gefahrenvon (rennfahrerID,DATUM,PLATZ) values (597,str_to_date('17.03.13','%d.%m.%y'),12);
Insert into gefahrenvon (rennfahrerID,DATUM,PLATZ) values (597,str_to_date('24.03.13','%d.%m.%y'),10);
Insert into gefahrenvon (rennfahrerID,DATUM,PLATZ) values (597,str_to_date('14.04.13','%d.%m.%y'),12);
Insert into gefahrenvon (rennfahrerID,DATUM,PLATZ) values (597,str_to_date('21.04.13','%d.%m.%y'),null);
Insert into gefahrenvon (rennfahrerID,DATUM,PLATZ) values (597,str_to_date('12.05.13','%d.%m.%y'),null);
Insert into gefahrenvon (rennfahrerID,DATUM,PLATZ) values (597,str_to_date('26.05.13','%d.%m.%y'),8);
Insert into gefahrenvon (rennfahrerID,DATUM,PLATZ) values (597,str_to_date('09.06.13','%d.%m.%y'),6);
Insert into gefahrenvon (rennfahrerID,DATUM,PLATZ) values (597,str_to_date('30.06.13','%d.%m.%y'),null);
Insert into gefahrenvon (rennfahrerID,DATUM,PLATZ) values (597,str_to_date('07.07.13','%d.%m.%y'),null);
Insert into gefahrenvon (rennfahrerID,DATUM,PLATZ) values (597,str_to_date('28.07.13','%d.%m.%y'),12);
Insert into gefahrenvon (rennfahrerID,DATUM,PLATZ) values (597,str_to_date('25.08.13','%d.%m.%y'),12);
Insert into gefahrenvon (rennfahrerID,DATUM,PLATZ) values (597,str_to_date('08.09.13','%d.%m.%y'),null);
Insert into gefahrenvon (rennfahrerID,DATUM,PLATZ) values (597,str_to_date('22.09.13','%d.%m.%y'),14);
Insert into gefahrenvon (rennfahrerID,DATUM,PLATZ) values (597,str_to_date('06.10.13','%d.%m.%y'),18);
Insert into gefahrenvon (rennfahrerID,DATUM,PLATZ) values (597,str_to_date('13.10.13','%d.%m.%y'),12);
Insert into gefahrenvon (rennfahrerID,DATUM,PLATZ) values (597,str_to_date('27.10.13','%d.%m.%y'),13);
Insert into gefahrenvon (rennfahrerID,DATUM,PLATZ) values (597,str_to_date('03.11.13','%d.%m.%y'),17);
Insert into gefahrenvon (rennfahrerID,DATUM,PLATZ) values (597,str_to_date('17.11.13','%d.%m.%y'),16);
Insert into gefahrenvon (rennfahrerID,DATUM,PLATZ) values (597,str_to_date('24.11.13','%d.%m.%y'),15);
Insert into gefahrenvon (rennfahrerID,DATUM,PLATZ) values (597,str_to_date('16.03.14','%d.%m.%y'),8);
Insert into gefahrenvon (rennfahrerID,DATUM,PLATZ) values (597,str_to_date('30.03.14','%d.%m.%y'),null);
Insert into gefahrenvon (rennfahrerID,DATUM,PLATZ) values (597,str_to_date('06.04.14','%d.%m.%y'),null);
Insert into gefahrenvon (rennfahrerID,DATUM,PLATZ) values (597,str_to_date('20.04.14','%d.%m.%y'),12);
Insert into gefahrenvon (rennfahrerID,DATUM,PLATZ) values (597,str_to_date('11.05.14','%d.%m.%y'),null);
Insert into gefahrenvon (rennfahrerID,DATUM,PLATZ) values (597,str_to_date('25.05.14','%d.%m.%y'),null);
Insert into gefahrenvon (rennfahrerID,DATUM,PLATZ) values (597,str_to_date('08.06.14','%d.%m.%y'),8);
Insert into gefahrenvon (rennfahrerID,DATUM,PLATZ) values (597,str_to_date('22.06.14','%d.%m.%y'),null);
Insert into gefahrenvon (rennfahrerID,DATUM,PLATZ) values (597,str_to_date('06.07.14','%d.%m.%y'),10);
Insert into gefahrenvon (rennfahrerID,DATUM,PLATZ) values (597,str_to_date('20.07.14','%d.%m.%y'),13);
Insert into gefahrenvon (rennfahrerID,DATUM,PLATZ) values (597,str_to_date('27.07.14','%d.%m.%y'),9);
Insert into gefahrenvon (rennfahrerID,DATUM,PLATZ) values (597,str_to_date('24.08.14','%d.%m.%y'),11);
Insert into gefahrenvon (rennfahrerID,DATUM,PLATZ) values (598,str_to_date('17.03.13','%d.%m.%y'),11);
Insert into gefahrenvon (rennfahrerID,DATUM,PLATZ) values (598,str_to_date('24.03.13','%d.%m.%y'),9);
Insert into gefahrenvon (rennfahrerID,DATUM,PLATZ) values (598,str_to_date('14.04.13','%d.%m.%y'),11);
Insert into gefahrenvon (rennfahrerID,DATUM,PLATZ) values (598,str_to_date('21.04.13','%d.%m.%y'),6);
Insert into gefahrenvon (rennfahrerID,DATUM,PLATZ) values (598,str_to_date('12.05.13','%d.%m.%y'),9);
Insert into gefahrenvon (rennfahrerID,DATUM,PLATZ) values (598,str_to_date('26.05.13','%d.%m.%y'),16);
Insert into gefahrenvon (rennfahrerID,DATUM,PLATZ) values (598,str_to_date('09.06.13','%d.%m.%y'),11);
Insert into gefahrenvon (rennfahrerID,DATUM,PLATZ) values (598,str_to_date('30.06.13','%d.%m.%y'),20);
Insert into gefahrenvon (rennfahrerID,DATUM,PLATZ) values (598,str_to_date('07.07.13','%d.%m.%y'),8);
Insert into gefahrenvon (rennfahrerID,DATUM,PLATZ) values (598,str_to_date('28.07.13','%d.%m.%y'),9);
Insert into gefahrenvon (rennfahrerID,DATUM,PLATZ) values (598,str_to_date('25.08.13','%d.%m.%y'),11);
Insert into gefahrenvon (rennfahrerID,DATUM,PLATZ) values (598,str_to_date('08.09.13','%d.%m.%y'),12);
Insert into gefahrenvon (rennfahrerID,DATUM,PLATZ) values (598,str_to_date('22.09.13','%d.%m.%y'),8);
Insert into gefahrenvon (rennfahrerID,DATUM,PLATZ) values (598,str_to_date('06.10.13','%d.%m.%y'),10);
Insert into gefahrenvon (rennfahrerID,DATUM,PLATZ) values (598,str_to_date('13.10.13','%d.%m.%y'),15);
Insert into gefahrenvon (rennfahrerID,DATUM,PLATZ) values (598,str_to_date('27.10.13','%d.%m.%y'),5);
Insert into gefahrenvon (rennfahrerID,DATUM,PLATZ) values (598,str_to_date('03.11.13','%d.%m.%y'),9);
Insert into gefahrenvon (rennfahrerID,DATUM,PLATZ) values (598,str_to_date('17.11.13','%d.%m.%y'),7);
Insert into gefahrenvon (rennfahrerID,DATUM,PLATZ) values (598,str_to_date('24.11.13','%d.%m.%y'),6);
Insert into gefahrenvon (rennfahrerID,DATUM,PLATZ) values (598,str_to_date('16.03.14','%d.%m.%y'),10);
Insert into gefahrenvon (rennfahrerID,DATUM,PLATZ) values (598,str_to_date('30.03.14','%d.%m.%y'),null);
Insert into gefahrenvon (rennfahrerID,DATUM,PLATZ) values (598,str_to_date('06.04.14','%d.%m.%y'),3);
Insert into gefahrenvon (rennfahrerID,DATUM,PLATZ) values (598,str_to_date('20.04.14','%d.%m.%y'),9);
Insert into gefahrenvon (rennfahrerID,DATUM,PLATZ) values (598,str_to_date('11.05.14','%d.%m.%y'),9);
Insert into gefahrenvon (rennfahrerID,DATUM,PLATZ) values (598,str_to_date('25.05.14','%d.%m.%y'),null);
Insert into gefahrenvon (rennfahrerID,DATUM,PLATZ) values (598,str_to_date('08.06.14','%d.%m.%y'),11);
Insert into gefahrenvon (rennfahrerID,DATUM,PLATZ) values (598,str_to_date('22.06.14','%d.%m.%y'),6);
Insert into gefahrenvon (rennfahrerID,DATUM,PLATZ) values (598,str_to_date('06.07.14','%d.%m.%y'),11);
Insert into gefahrenvon (rennfahrerID,DATUM,PLATZ) values (598,str_to_date('20.07.14','%d.%m.%y'),10);
Insert into gefahrenvon (rennfahrerID,DATUM,PLATZ) values (598,str_to_date('27.07.14','%d.%m.%y'),null);
Insert into gefahrenvon (rennfahrerID,DATUM,PLATZ) values (598,str_to_date('24.08.14','%d.%m.%y'),8);
Insert into gefahrenvon (rennfahrerID,DATUM,PLATZ) values (599,str_to_date('17.03.13','%d.%m.%y'),16);
Insert into gefahrenvon (rennfahrerID,DATUM,PLATZ) values (599,str_to_date('24.03.13','%d.%m.%y'),14);
Insert into gefahrenvon (rennfahrerID,DATUM,PLATZ) values (599,str_to_date('14.04.13','%d.%m.%y'),16);
Insert into gefahrenvon (rennfahrerID,DATUM,PLATZ) values (599,str_to_date('21.04.13','%d.%m.%y'),17);
Insert into gefahrenvon (rennfahrerID,DATUM,PLATZ) values (599,str_to_date('12.05.13','%d.%m.%y'),17);
Insert into gefahrenvon (rennfahrerID,DATUM,PLATZ) values (599,str_to_date('26.05.13','%d.%m.%y'),null);
Insert into gefahrenvon (rennfahrerID,DATUM,PLATZ) values (599,str_to_date('09.06.13','%d.%m.%y'),18);
Insert into gefahrenvon (rennfahrerID,DATUM,PLATZ) values (599,str_to_date('30.06.13','%d.%m.%y'),15);
Insert into gefahrenvon (rennfahrerID,DATUM,PLATZ) values (599,str_to_date('07.07.13','%d.%m.%y'),17);
Insert into gefahrenvon (rennfahrerID,DATUM,PLATZ) values (599,str_to_date('28.07.13','%d.%m.%y'),15);
Insert into gefahrenvon (rennfahrerID,DATUM,PLATZ) values (599,str_to_date('25.08.13','%d.%m.%y'),null);
Insert into gefahrenvon (rennfahrerID,DATUM,PLATZ) values (599,str_to_date('08.09.13','%d.%m.%y'),17);
Insert into gefahrenvon (rennfahrerID,DATUM,PLATZ) values (599,str_to_date('22.09.13','%d.%m.%y'),19);
Insert into gefahrenvon (rennfahrerID,DATUM,PLATZ) values (599,str_to_date('06.10.13','%d.%m.%y'),14);
Insert into gefahrenvon (rennfahrerID,DATUM,PLATZ) values (599,str_to_date('13.10.13','%d.%m.%y'),18);
Insert into gefahrenvon (rennfahrerID,DATUM,PLATZ) values (599,str_to_date('27.10.13','%d.%m.%y'),null);
Insert into gefahrenvon (rennfahrerID,DATUM,PLATZ) values (599,str_to_date('03.11.13','%d.%m.%y'),19);
Insert into gefahrenvon (rennfahrerID,DATUM,PLATZ) values (599,str_to_date('17.11.13','%d.%m.%y'),20);
Insert into gefahrenvon (rennfahrerID,DATUM,PLATZ) values (599,str_to_date('24.11.13','%d.%m.%y'),null);
Insert into gefahrenvon (rennfahrerID,DATUM,PLATZ) values (600,str_to_date('17.03.13','%d.%m.%y'),13);
Insert into gefahrenvon (rennfahrerID,DATUM,PLATZ) values (600,str_to_date('24.03.13','%d.%m.%y'),12);
Insert into gefahrenvon (rennfahrerID,DATUM,PLATZ) values (600,str_to_date('14.04.13','%d.%m.%y'),null);
Insert into gefahrenvon (rennfahrerID,DATUM,PLATZ) values (600,str_to_date('21.04.13','%d.%m.%y'),18);
Insert into gefahrenvon (rennfahrerID,DATUM,PLATZ) values (600,str_to_date('12.05.13','%d.%m.%y'),11);
Insert into gefahrenvon (rennfahrerID,DATUM,PLATZ) values (600,str_to_date('26.05.13','%d.%m.%y'),13);
Insert into gefahrenvon (rennfahrerID,DATUM,PLATZ) values (600,str_to_date('09.06.13','%d.%m.%y'),20);
Insert into gefahrenvon (rennfahrerID,DATUM,PLATZ) values (600,str_to_date('30.06.13','%d.%m.%y'),14);
Insert into gefahrenvon (rennfahrerID,DATUM,PLATZ) values (600,str_to_date('07.07.13','%d.%m.%y'),14);
Insert into gefahrenvon (rennfahrerID,DATUM,PLATZ) values (600,str_to_date('28.07.13','%d.%m.%y'),null);
Insert into gefahrenvon (rennfahrerID,DATUM,PLATZ) values (600,str_to_date('25.08.13','%d.%m.%y'),14);
Insert into gefahrenvon (rennfahrerID,DATUM,PLATZ) values (600,str_to_date('08.09.13','%d.%m.%y'),13);
Insert into gefahrenvon (rennfahrerID,DATUM,PLATZ) values (600,str_to_date('22.09.13','%d.%m.%y'),12);
Insert into gefahrenvon (rennfahrerID,DATUM,PLATZ) values (600,str_to_date('06.10.13','%d.%m.%y'),11);
Insert into gefahrenvon (rennfahrerID,DATUM,PLATZ) values (600,str_to_date('13.10.13','%d.%m.%y'),7);
Insert into gefahrenvon (rennfahrerID,DATUM,PLATZ) values (600,str_to_date('27.10.13','%d.%m.%y'),15);
Insert into gefahrenvon (rennfahrerID,DATUM,PLATZ) values (600,str_to_date('03.11.13','%d.%m.%y'),13);
Insert into gefahrenvon (rennfahrerID,DATUM,PLATZ) values (600,str_to_date('17.11.13','%d.%m.%y'),13);
Insert into gefahrenvon (rennfahrerID,DATUM,PLATZ) values (600,str_to_date('24.11.13','%d.%m.%y'),12);
Insert into gefahrenvon (rennfahrerID,DATUM,PLATZ) values (600,str_to_date('16.03.14','%d.%m.%y'),12);
Insert into gefahrenvon (rennfahrerID,DATUM,PLATZ) values (600,str_to_date('30.03.14','%d.%m.%y'),null);
Insert into gefahrenvon (rennfahrerID,DATUM,PLATZ) values (600,str_to_date('06.04.14','%d.%m.%y'),null);
Insert into gefahrenvon (rennfahrerID,DATUM,PLATZ) values (600,str_to_date('20.04.14','%d.%m.%y'),16);
Insert into gefahrenvon (rennfahrerID,DATUM,PLATZ) values (600,str_to_date('11.05.14','%d.%m.%y'),16);
Insert into gefahrenvon (rennfahrerID,DATUM,PLATZ) values (600,str_to_date('25.05.14','%d.%m.%y'),null);
Insert into gefahrenvon (rennfahrerID,DATUM,PLATZ) values (600,str_to_date('08.06.14','%d.%m.%y'),14);
Insert into gefahrenvon (rennfahrerID,DATUM,PLATZ) values (600,str_to_date('22.06.14','%d.%m.%y'),19);
Insert into gefahrenvon (rennfahrerID,DATUM,PLATZ) values (600,str_to_date('06.07.14','%d.%m.%y'),null);
Insert into gefahrenvon (rennfahrerID,DATUM,PLATZ) values (600,str_to_date('20.07.14','%d.%m.%y'),14);
Insert into gefahrenvon (rennfahrerID,DATUM,PLATZ) values (600,str_to_date('27.07.14','%d.%m.%y'),null);
Insert into gefahrenvon (rennfahrerID,DATUM,PLATZ) values (600,str_to_date('24.08.14','%d.%m.%y'),15);
Insert into gefahrenvon (rennfahrerID,DATUM,PLATZ) values (601,str_to_date('17.03.13','%d.%m.%y'),14);
Insert into gefahrenvon (rennfahrerID,DATUM,PLATZ) values (601,str_to_date('24.03.13','%d.%m.%y'),11);
Insert into gefahrenvon (rennfahrerID,DATUM,PLATZ) values (601,str_to_date('14.04.13','%d.%m.%y'),13);
Insert into gefahrenvon (rennfahrerID,DATUM,PLATZ) values (601,str_to_date('21.04.13','%d.%m.%y'),14);
Insert into gefahrenvon (rennfahrerID,DATUM,PLATZ) values (601,str_to_date('12.05.13','%d.%m.%y'),16);
Insert into gefahrenvon (rennfahrerID,DATUM,PLATZ) values (601,str_to_date('26.05.13','%d.%m.%y'),12);
Insert into gefahrenvon (rennfahrerID,DATUM,PLATZ) values (601,str_to_date('09.06.13','%d.%m.%y'),14);
Insert into gefahrenvon (rennfahrerID,DATUM,PLATZ) values (601,str_to_date('30.06.13','%d.%m.%y'),12);
Insert into gefahrenvon (rennfahrerID,DATUM,PLATZ) values (601,str_to_date('07.07.13','%d.%m.%y'),16);
Insert into gefahrenvon (rennfahrerID,DATUM,PLATZ) values (601,str_to_date('28.07.13','%d.%m.%y'),null);
Insert into gefahrenvon (rennfahrerID,DATUM,PLATZ) values (601,str_to_date('25.08.13','%d.%m.%y'),15);
Insert into gefahrenvon (rennfahrerID,DATUM,PLATZ) values (601,str_to_date('08.09.13','%d.%m.%y'),15);
Insert into gefahrenvon (rennfahrerID,DATUM,PLATZ) values (601,str_to_date('22.09.13','%d.%m.%y'),13);
Insert into gefahrenvon (rennfahrerID,DATUM,PLATZ) values (601,str_to_date('06.10.13','%d.%m.%y'),12);
Insert into gefahrenvon (rennfahrerID,DATUM,PLATZ) values (601,str_to_date('13.10.13','%d.%m.%y'),17);
Insert into gefahrenvon (rennfahrerID,DATUM,PLATZ) values (601,str_to_date('27.10.13','%d.%m.%y'),16);
Insert into gefahrenvon (rennfahrerID,DATUM,PLATZ) values (601,str_to_date('03.11.13','%d.%m.%y'),15);
Insert into gefahrenvon (rennfahrerID,DATUM,PLATZ) values (601,str_to_date('17.11.13','%d.%m.%y'),8);
Insert into gefahrenvon (rennfahrerID,DATUM,PLATZ) values (601,str_to_date('24.11.13','%d.%m.%y'),null);
Insert into gefahrenvon (rennfahrerID,DATUM,PLATZ) values (601,str_to_date('16.03.14','%d.%m.%y'),5);
Insert into gefahrenvon (rennfahrerID,DATUM,PLATZ) values (601,str_to_date('30.03.14','%d.%m.%y'),8);
Insert into gefahrenvon (rennfahrerID,DATUM,PLATZ) values (601,str_to_date('06.04.14','%d.%m.%y'),8);
Insert into gefahrenvon (rennfahrerID,DATUM,PLATZ) values (601,str_to_date('20.04.14','%d.%m.%y'),7);
Insert into gefahrenvon (rennfahrerID,DATUM,PLATZ) values (601,str_to_date('11.05.14','%d.%m.%y'),5);
Insert into gefahrenvon (rennfahrerID,DATUM,PLATZ) values (601,str_to_date('25.05.14','%d.%m.%y'),null);
Insert into gefahrenvon (rennfahrerID,DATUM,PLATZ) values (601,str_to_date('08.06.14','%d.%m.%y'),7);
Insert into gefahrenvon (rennfahrerID,DATUM,PLATZ) values (601,str_to_date('22.06.14','%d.%m.%y'),3);
Insert into gefahrenvon (rennfahrerID,DATUM,PLATZ) values (601,str_to_date('06.07.14','%d.%m.%y'),2);
Insert into gefahrenvon (rennfahrerID,DATUM,PLATZ) values (601,str_to_date('20.07.14','%d.%m.%y'),2);
Insert into gefahrenvon (rennfahrerID,DATUM,PLATZ) values (601,str_to_date('27.07.14','%d.%m.%y'),8);
Insert into gefahrenvon (rennfahrerID,DATUM,PLATZ) values (601,str_to_date('24.08.14','%d.%m.%y'),3);
Insert into gefahrenvon (rennfahrerID,DATUM,PLATZ) values (602,str_to_date('17.03.13','%d.%m.%y'),18);
Insert into gefahrenvon (rennfahrerID,DATUM,PLATZ) values (602,str_to_date('24.03.13','%d.%m.%y'),15);
Insert into gefahrenvon (rennfahrerID,DATUM,PLATZ) values (602,str_to_date('14.04.13','%d.%m.%y'),18);
Insert into gefahrenvon (rennfahrerID,DATUM,PLATZ) values (602,str_to_date('21.04.13','%d.%m.%y'),21);
Insert into gefahrenvon (rennfahrerID,DATUM,PLATZ) values (602,str_to_date('12.05.13','%d.%m.%y'),null);
Insert into gefahrenvon (rennfahrerID,DATUM,PLATZ) values (602,str_to_date('26.05.13','%d.%m.%y'),15);
Insert into gefahrenvon (rennfahrerID,DATUM,PLATZ) values (602,str_to_date('09.06.13','%d.%m.%y'),null);
Insert into gefahrenvon (rennfahrerID,DATUM,PLATZ) values (602,str_to_date('30.06.13','%d.%m.%y'),18);
Insert into gefahrenvon (rennfahrerID,DATUM,PLATZ) values (602,str_to_date('07.07.13','%d.%m.%y'),18);
Insert into gefahrenvon (rennfahrerID,DATUM,PLATZ) values (602,str_to_date('28.07.13','%d.%m.%y'),14);
Insert into gefahrenvon (rennfahrerID,DATUM,PLATZ) values (602,str_to_date('25.08.13','%d.%m.%y'),16);
Insert into gefahrenvon (rennfahrerID,DATUM,PLATZ) values (602,str_to_date('08.09.13','%d.%m.%y'),18);
Insert into gefahrenvon (rennfahrerID,DATUM,PLATZ) values (602,str_to_date('22.09.13','%d.%m.%y'),16);
Insert into gefahrenvon (rennfahrerID,DATUM,PLATZ) values (602,str_to_date('06.10.13','%d.%m.%y'),15);
Insert into gefahrenvon (rennfahrerID,DATUM,PLATZ) values (602,str_to_date('13.10.13','%d.%m.%y'),null);
Insert into gefahrenvon (rennfahrerID,DATUM,PLATZ) values (602,str_to_date('27.10.13','%d.%m.%y'),null);
Insert into gefahrenvon (rennfahrerID,DATUM,PLATZ) values (602,str_to_date('03.11.13','%d.%m.%y'),18);
Insert into gefahrenvon (rennfahrerID,DATUM,PLATZ) values (602,str_to_date('17.11.13','%d.%m.%y'),19);
Insert into gefahrenvon (rennfahrerID,DATUM,PLATZ) values (602,str_to_date('24.11.13','%d.%m.%y'),18);
Insert into gefahrenvon (rennfahrerID,DATUM,PLATZ) values (603,str_to_date('17.03.13','%d.%m.%y'),15);
Insert into gefahrenvon (rennfahrerID,DATUM,PLATZ) values (603,str_to_date('24.03.13','%d.%m.%y'),13);
Insert into gefahrenvon (rennfahrerID,DATUM,PLATZ) values (603,str_to_date('14.04.13','%d.%m.%y'),15);
Insert into gefahrenvon (rennfahrerID,DATUM,PLATZ) values (603,str_to_date('21.04.13','%d.%m.%y'),19);
Insert into gefahrenvon (rennfahrerID,DATUM,PLATZ) values (603,str_to_date('12.05.13','%d.%m.%y'),18);
Insert into gefahrenvon (rennfahrerID,DATUM,PLATZ) values (603,str_to_date('26.05.13','%d.%m.%y'),null);
Insert into gefahrenvon (rennfahrerID,DATUM,PLATZ) values (603,str_to_date('09.06.13','%d.%m.%y'),17);
Insert into gefahrenvon (rennfahrerID,DATUM,PLATZ) values (603,str_to_date('30.06.13','%d.%m.%y'),16);
Insert into gefahrenvon (rennfahrerID,DATUM,PLATZ) values (603,str_to_date('07.07.13','%d.%m.%y'),null);
Insert into gefahrenvon (rennfahrerID,DATUM,PLATZ) values (603,str_to_date('28.07.13','%d.%m.%y'),16);
Insert into gefahrenvon (rennfahrerID,DATUM,PLATZ) values (603,str_to_date('25.08.13','%d.%m.%y'),18);
Insert into gefahrenvon (rennfahrerID,DATUM,PLATZ) values (603,str_to_date('08.09.13','%d.%m.%y'),19);
Insert into gefahrenvon (rennfahrerID,DATUM,PLATZ) values (603,str_to_date('22.09.13','%d.%m.%y'),18);
Insert into gefahrenvon (rennfahrerID,DATUM,PLATZ) values (603,str_to_date('06.10.13','%d.%m.%y'),16);
Insert into gefahrenvon (rennfahrerID,DATUM,PLATZ) values (603,str_to_date('13.10.13','%d.%m.%y'),null);
Insert into gefahrenvon (rennfahrerID,DATUM,PLATZ) values (603,str_to_date('27.10.13','%d.%m.%y'),18);
Insert into gefahrenvon (rennfahrerID,DATUM,PLATZ) values (603,str_to_date('03.11.13','%d.%m.%y'),20);
Insert into gefahrenvon (rennfahrerID,DATUM,PLATZ) values (603,str_to_date('17.11.13','%d.%m.%y'),18);
Insert into gefahrenvon (rennfahrerID,DATUM,PLATZ) values (603,str_to_date('24.11.13','%d.%m.%y'),17);
Insert into gefahrenvon (rennfahrerID,DATUM,PLATZ) values (603,str_to_date('16.03.14','%d.%m.%y'),null);
Insert into gefahrenvon (rennfahrerID,DATUM,PLATZ) values (603,str_to_date('30.03.14','%d.%m.%y'),null);
Insert into gefahrenvon (rennfahrerID,DATUM,PLATZ) values (603,str_to_date('06.04.14','%d.%m.%y'),16);
Insert into gefahrenvon (rennfahrerID,DATUM,PLATZ) values (603,str_to_date('20.04.14','%d.%m.%y'),17);
Insert into gefahrenvon (rennfahrerID,DATUM,PLATZ) values (603,str_to_date('11.05.14','%d.%m.%y'),18);
Insert into gefahrenvon (rennfahrerID,DATUM,PLATZ) values (603,str_to_date('25.05.14','%d.%m.%y'),9);
Insert into gefahrenvon (rennfahrerID,DATUM,PLATZ) values (603,str_to_date('08.06.14','%d.%m.%y'),null);
Insert into gefahrenvon (rennfahrerID,DATUM,PLATZ) values (603,str_to_date('22.06.14','%d.%m.%y'),15);
Insert into gefahrenvon (rennfahrerID,DATUM,PLATZ) values (603,str_to_date('06.07.14','%d.%m.%y'),14);
Insert into gefahrenvon (rennfahrerID,DATUM,PLATZ) values (603,str_to_date('20.07.14','%d.%m.%y'),15);
Insert into gefahrenvon (rennfahrerID,DATUM,PLATZ) values (603,str_to_date('27.07.14','%d.%m.%y'),15);
Insert into gefahrenvon (rennfahrerID,DATUM,PLATZ) values (603,str_to_date('24.08.14','%d.%m.%y'),18);
Insert into gefahrenvon (rennfahrerID,DATUM,PLATZ) values (604,str_to_date('17.03.13','%d.%m.%y'),17);
Insert into gefahrenvon (rennfahrerID,DATUM,PLATZ) values (604,str_to_date('24.03.13','%d.%m.%y'),16);
Insert into gefahrenvon (rennfahrerID,DATUM,PLATZ) values (604,str_to_date('14.04.13','%d.%m.%y'),17);
Insert into gefahrenvon (rennfahrerID,DATUM,PLATZ) values (604,str_to_date('21.04.13','%d.%m.%y'),20);
Insert into gefahrenvon (rennfahrerID,DATUM,PLATZ) values (604,str_to_date('12.05.13','%d.%m.%y'),19);
Insert into gefahrenvon (rennfahrerID,DATUM,PLATZ) values (604,str_to_date('26.05.13','%d.%m.%y'),14);
Insert into gefahrenvon (rennfahrerID,DATUM,PLATZ) values (604,str_to_date('09.06.13','%d.%m.%y'),19);
Insert into gefahrenvon (rennfahrerID,DATUM,PLATZ) values (604,str_to_date('30.06.13','%d.%m.%y'),17);
Insert into gefahrenvon (rennfahrerID,DATUM,PLATZ) values (604,str_to_date('07.07.13','%d.%m.%y'),19);
Insert into gefahrenvon (rennfahrerID,DATUM,PLATZ) values (604,str_to_date('28.07.13','%d.%m.%y'),17);
Insert into gefahrenvon (rennfahrerID,DATUM,PLATZ) values (604,str_to_date('25.08.13','%d.%m.%y'),19);
Insert into gefahrenvon (rennfahrerID,DATUM,PLATZ) values (604,str_to_date('08.09.13','%d.%m.%y'),20);
Insert into gefahrenvon (rennfahrerID,DATUM,PLATZ) values (604,str_to_date('22.09.13','%d.%m.%y'),17);
Insert into gefahrenvon (rennfahrerID,DATUM,PLATZ) values (604,str_to_date('06.10.13','%d.%m.%y'),17);
Insert into gefahrenvon (rennfahrerID,DATUM,PLATZ) values (604,str_to_date('13.10.13','%d.%m.%y'),19);
Insert into gefahrenvon (rennfahrerID,DATUM,PLATZ) values (604,str_to_date('27.10.13','%d.%m.%y'),17);
Insert into gefahrenvon (rennfahrerID,DATUM,PLATZ) values (604,str_to_date('03.11.13','%d.%m.%y'),21);
Insert into gefahrenvon (rennfahrerID,DATUM,PLATZ) values (604,str_to_date('17.11.13','%d.%m.%y'),21);
Insert into gefahrenvon (rennfahrerID,DATUM,PLATZ) values (604,str_to_date('24.11.13','%d.%m.%y'),19);
Insert into gefahrenvon (rennfahrerID,DATUM,PLATZ) values (604,str_to_date('16.03.14','%d.%m.%y'),13);
Insert into gefahrenvon (rennfahrerID,DATUM,PLATZ) values (604,str_to_date('30.03.14','%d.%m.%y'),15);
Insert into gefahrenvon (rennfahrerID,DATUM,PLATZ) values (604,str_to_date('06.04.14','%d.%m.%y'),13);
Insert into gefahrenvon (rennfahrerID,DATUM,PLATZ) values (604,str_to_date('20.04.14','%d.%m.%y'),19);
Insert into gefahrenvon (rennfahrerID,DATUM,PLATZ) values (604,str_to_date('11.05.14','%d.%m.%y'),19);

COMMIT WORK;

update rennfahrer
   set Siege = (select count(*) from gefahrenvon
                where Platz = 1 and gefahrenvon.rennfahrerID = rennfahrer.rennfahrerID),
       polepositions = (select count(*) from rennen 
                         where polefahrerid = rennfahrerID),
       schnellsterunden = (select count(*) from rennen 
                            where schnellsterundeid = rennfahrerID), 
       Punkte = (select ifnull(sum(Punkte),0) from setztein
                  where setztein.rennfahrerID = rennfahrer.rennfahrerID);

update rennstall
   set Punkte = (select ifnull(sum(Punkte),0) from setztein
                 where setztein.RennstallID = rennstall.RennstallID);

COMMIT WORK;

SET @DISABLE_TRIGGERS=NULL;

